Rk,Player,Season,Age,Tm,Lg,Ht,G,GS,MP,FG,FGA,2P,2PA,3P,3PA,FT,FTA,ORB,DRB,TRB,AST,STL,BLK,TOV,PF,PTS,FG%,2P%,3P%,eFG%,FT%,TS%
1,Boban Marjanovic\marjabo01,2017-18,29,TOT,NBA,7-3,39,1,337,79,148,79,148,0,0,77,97,48,96,144,22,10,11,36,51,235,.534,.534,,.534,.794,.616
2,Kristaps Porzingis\porzikr01,2017-18,22,NYK,NBA,7-3,48,48,1553,390,889,300,661,90,228,218,275,62,254,316,57,36,115,93,141,1088,.439,.454,.395,.489,.793,.539
3,Salah Mejri\mejrisa01,2017-18,31,DAL,NBA,7-2,61,1,729,88,137,88,134,0,3,38,66,85,161,246,35,22,67,39,121,214,.642,.657,.000,.642,.576,.644
4,Dragan Bender\bendedr01,2017-18,20,PHO,NBA,7-1,82,37,2069,187,484,69,162,118,322,39,51,40,321,361,130,22,53,112,166,531,.386,.426,.366,.508,.765,.524
5,Tyson Chandler\chandty01,2017-18,35,PHO,NBA,7-1,46,46,1151,121,187,121,187,0,0,58,93,134,284,418,53,16,27,59,106,300,.647,.647,,.647,.624,.658
6,Marc Gasol\gasolma01,2017-18,33,MEM,NBA,7-1,73,73,2408,434,1033,325,713,109,320,281,337,78,514,592,305,54,101,194,185,1258,.420,.456,.341,.473,.834,.532
7,Rudy Gobert\goberru01,2017-18,25,UTA,NBA,7-1,56,56,1816,276,444,276,444,0,0,204,299,165,436,601,80,44,129,107,153,756,.622,.622,,.622,.682,.657
8,Luke Kornet\kornelu01,2017-18,22,NYK,NBA,7-1,20,1,326,49,125,21,46,28,79,8,11,11,53,64,26,6,16,12,28,134,.392,.457,.354,.504,.727,.516
9,Alex Len\lenal01,2017-18,24,PHO,NBA,7-1,69,13,1395,214,378,213,375,1,3,158,231,175,343,518,82,27,61,78,158,587,.566,.568,.333,.567,.684,.612
10,Meyers Leonard\leoname01,2017-18,25,POR,NBA,7-1,33,2,254,46,78,35,52,11,26,9,11,12,58,70,17,7,0,10,36,112,.590,.673,.423,.660,.818,.676
11,Thon Maker\makerth01,2017-18,20,MIL,NBA,7-1,74,12,1238,130,316,99,212,31,104,65,93,75,150,225,46,38,53,44,162,356,.411,.467,.298,.460,.699,.499
12,Timofey Mozgov\mozgoti01,2017-18,31,BRK,NBA,7-1,31,13,359,52,93,48,75,4,18,23,30,32,66,98,11,5,13,33,39,131,.559,.640,.222,.581,.767,.617
13,Georgios Papagiannis\papagge01,2017-18,20,TOT,NBA,7-1,17,0,122,18,42,18,42,0,0,0,0,13,24,37,9,4,6,8,12,36,.429,.429,,.429,,.429
14,Zhou Qi\qizh01,2017-18,22,HOU,NBA,7-1,18,0,124,6,32,4,13,2,19,8,12,6,16,22,2,2,14,10,14,22,.188,.308,.105,.219,.667,.295
15,Ivica Zubac\zubaciv01,2017-18,20,LAL,NBA,7-1,43,0,410,61,122,61,121,0,1,39,51,45,78,123,25,8,15,26,47,161,.500,.504,.000,.500,.765,.557
16,Steven Adams\adamsst01,2017-18,24,OKC,NBA,7-0,76,76,2487,448,712,448,710,0,2,160,286,384,301,685,88,92,78,128,215,1056,.629,.631,.000,.629,.559,.630
17,Omer Asik\asikom01,2017-18,31,TOT,NBA,7-0,18,0,182,9,22,9,22,0,0,4,13,9,38,47,3,2,4,9,20,22,.409,.409,,.409,.308,.397
18,Andrew Bogut\bogutan01,2017-18,33,LAL,NBA,7-0,23,5,216,17,25,17,25,0,0,2,2,26,52,78,15,4,13,19,40,36,.680,.680,,.680,1.000,.696
19,Willie Cauley-Stein\caulewi01,2017-18,24,SAC,NBA,7-0,73,58,2044,388,773,385,761,3,12,153,247,131,379,510,172,77,67,109,185,932,.502,.506,.250,.504,.619,.529
20,Zach Collins\colliza01,2017-18,20,POR,NBA,7-0,66,1,1045,115,289,80,176,35,113,27,42,45,176,221,52,17,31,58,133,292,.398,.455,.310,.458,.643,.475
21,Dewayne Dedmon\dedmode01,2017-18,28,ATL,NBA,7-0,62,46,1542,250,477,200,336,50,141,67,86,100,389,489,90,40,51,86,162,617,.524,.595,.355,.577,.779,.599
22,Joel Embiid\embiijo01,2017-18,23,PHI,NBA,7-0,63,63,1912,510,1056,444,842,66,214,359,467,143,547,690,199,40,111,234,209,1445,.483,.527,.308,.514,.769,.573
23,Channing Frye\fryech01,2017-18,34,TOT,NBA,7-0,53,1,695,104,212,65,97,39,115,17,19,12,123,135,38,18,13,21,69,264,.491,.670,.339,.583,.895,.599
24,Pau Gasol\gasolpa01,2017-18,37,SAS,NBA,7-0,77,63,1812,287,627,244,507,43,120,158,209,129,490,619,238,24,79,108,121,775,.458,.481,.358,.492,.756,.539
25,Dakari Johnson\johnsda04,2017-18,22,OKC,NBA,7-0,31,6,161,22,39,22,39,0,0,11,20,16,18,34,8,6,8,3,27,55,.564,.564,,.564,.550,.575
26,Nikola Jokic\jokicni01,2017-18,22,DEN,NBA,7-0,75,73,2443,504,1010,393,730,111,280,266,313,195,608,803,458,90,61,210,212,1385,.499,.538,.396,.554,.850,.603
27,Damian Jones\jonesda03,2017-18,22,GSW,NBA,7-0,15,0,89,11,22,11,22,0,0,3,5,5,9,14,2,1,3,4,14,25,.500,.500,,.500,.600,.517
28,Frank Kaminsky\kaminfr01,2017-18,24,CHO,NBA,7-0,79,4,1835,307,716,203,442,104,274,155,194,46,242,288,129,36,19,66,95,873,.429,.459,.380,.501,.799,.545
29,Kosta Koufos\koufoko01,2017-18,28,SAC,NBA,7-0,71,13,1391,222,389,222,389,0,0,33,74,149,323,472,87,47,32,49,146,477,.571,.571,,.571,.446,.566
30,Brook Lopez\lopezbr01,2017-18,29,LAL,NBA,7-0,74,72,1735,369,793,257,468,112,325,111,158,74,220,294,126,30,98,98,195,961,.465,.549,.345,.536,.703,.557
31,Robin Lopez\lopezro01,2017-18,29,CHI,NBA,7-0,64,64,1690,342,645,338,631,4,14,68,90,134,156,290,124,14,53,107,109,756,.530,.536,.286,.533,.756,.552
32,Lauri Markkanen\markkla01,2017-18,20,CHI,NBA,7-0,68,68,2020,374,862,229,461,145,401,140,166,79,429,508,79,39,40,83,103,1033,.434,.497,.362,.518,.843,.552
33,JaVale McGee\mcgeeja01,2017-18,30,GSW,NBA,7-0,65,17,615,136,219,136,213,0,6,38,52,59,110,169,33,21,57,27,91,310,.621,.638,.000,.621,.731,.641
34,Lucas Nogueira\noguelu01,2017-18,25,TOR,NBA,7-0,49,3,418,49,80,44,61,5,19,19,28,18,69,87,22,23,43,16,49,122,.613,.721,.263,.644,.679,.661
35,Dirk Nowitzki\nowitdi01,2017-18,39,DAL,NBA,7-0,77,77,1900,346,758,208,421,138,337,97,108,22,416,438,120,43,45,51,146,927,.456,.494,.409,.547,.898,.575
36,Jusuf Nurkic\nurkiju01,2017-18,23,POR,NBA,7-0,79,79,2088,480,951,480,944,0,7,172,273,189,519,708,143,64,111,183,247,1132,.505,.508,.000,.505,.630,.528
37,Kelly Olynyk\olynyke01,2017-18,26,MIA,NBA,7-0,76,22,1779,316,636,210,356,106,280,134,174,89,342,431,207,62,35,147,222,872,.497,.590,.379,.580,.770,.612
38,Justin Patton\pattoju01,2017-18,20,MIN,NBA,7-0,1,0,4,1,2,1,2,0,0,0,0,0,0,0,0,1,0,0,1,2,.500,.500,,.500,,.500
39,Marshall Plumlee\plumlma02,2017-18,25,MIL,NBA,7-0,8,0,52,1,3,1,3,0,0,12,16,4,13,17,2,0,1,3,10,14,.333,.333,,.333,.750,.697
40,Jakob Poeltl\poeltja01,2017-18,22,TOR,NBA,7-0,82,0,1524,253,384,252,382,1,2,60,101,165,228,393,57,39,100,85,212,567,.659,.660,.500,.660,.594,.662
41,Jason Smith\smithja02,2017-18,31,WAS,NBA,7-0,33,2,285,45,115,41,83,4,32,19,21,18,35,53,14,3,13,16,44,113,.391,.494,.125,.409,.905,.455
42,Karl-Anthony Towns\townska01,2017-18,22,MIN,NBA,7-0,82,82,2918,639,1172,519,887,120,285,345,402,238,774,1012,199,64,115,159,285,1743,.545,.585,.421,.596,.858,.646
43,Jonas Valanciunas\valanjo01,2017-18,25,TOR,NBA,7-0,77,77,1727,390,687,360,613,30,74,170,211,183,477,660,81,29,69,115,192,980,.568,.587,.405,.590,.806,.628
44,Nikola Vucevic\vucevni01,2017-18,27,ORL,NBA,7-0,57,57,1683,399,840,335,636,64,204,77,94,101,422,523,191,56,62,109,144,939,.475,.527,.314,.513,.819,.533
45,Hassan Whiteside\whiteha01,2017-18,28,MIA,NBA,7-0,54,54,1364,312,578,310,576,2,2,128,182,174,444,618,54,37,94,92,131,754,.540,.538,1.000,.542,.703,.573
46,Jeff Withey\witheje01,2017-18,27,DAL,NBA,7-0,9,0,39,6,16,4,6,2,10,1,2,1,9,10,0,0,3,2,3,15,.375,.667,.200,.438,.500,.444
47,Cody Zeller\zelleco01,2017-18,25,CHO,NBA,7-0,33,0,627,85,156,83,153,2,3,61,85,67,110,177,31,14,21,33,81,233,.545,.542,.667,.551,.718,.602
48,Tyler Zeller\zellety01,2017-18,28,TOT,NBA,7-0,66,34,1109,187,334,177,306,10,28,57,79,110,195,305,47,15,35,47,126,441,.560,.578,.357,.575,.722,.598
49,Cole Aldrich\aldrico01,2017-18,29,MIN,NBA,6-11,21,0,49,5,15,5,15,0,0,2,6,3,12,15,3,2,1,1,11,12,.333,.333,,.333,.333,.340
50,LaMarcus Aldridge\aldrila01,2017-18,32,SAS,NBA,6-11,75,75,2509,687,1347,660,1255,27,92,334,399,246,389,635,152,43,90,111,161,1735,.510,.526,.293,.520,.837,.570
51,Jarrett Allen\allenja01,2017-18,19,BRK,NBA,6-11,72,31,1441,234,397,229,382,5,15,114,147,144,244,388,49,28,88,82,147,587,.589,.599,.333,.596,.776,.636
52,Giannis Antetokounmpo\antetgi01,2017-18,23,MIL,NBA,6-11,75,75,2756,742,1402,699,1262,43,140,487,641,156,597,753,361,109,106,223,231,2014,.529,.554,.307,.545,.760,.598
53,Thomas Bryant\bryanth01,2017-18,20,LAL,NBA,6-11,15,0,72,8,21,7,11,1,10,5,9,3,14,17,6,1,2,2,6,22,.381,.636,.100,.405,.556,.441
54,DeMarcus Cousins\couside01,2017-18,27,NOP,NBA,6-11,48,48,1737,406,864,302,570,104,294,294,394,105,512,617,257,79,76,242,183,1210,.470,.530,.354,.530,.746,.583
55,Deyonta Davis\davisde01,2017-18,21,MEM,NBA,6-11,62,6,943,161,265,161,265,0,0,38,57,75,175,250,40,15,39,32,125,360,.608,.608,,.608,.667,.621
56,Gorgui Dieng\dienggo01,2017-18,28,MIN,NBA,6-11,79,0,1333,186,388,167,327,19,61,79,102,106,254,360,71,45,39,59,147,470,.479,.511,.311,.504,.775,.543
57,Andre Drummond\drumman01,2017-18,24,DET,NBA,6-11,78,78,2625,466,881,466,870,0,11,239,395,399,848,1247,237,114,127,200,250,1171,.529,.536,.000,.529,.605,.555
58,Henry Ellenson\ellenhe01,2017-18,21,DET,NBA,6-11,38,0,329,53,146,33,86,20,60,25,29,10,71,81,20,5,0,18,22,151,.363,.384,.333,.432,.862,.476
59,Marcin Gortat\gortama01,2017-18,33,WAS,NBA,6-11,82,82,2075,290,560,290,560,0,0,110,163,181,442,623,151,40,61,99,175,690,.518,.518,,.518,.675,.546
60,John Henson\hensojo01,2017-18,27,MIL,NBA,6-11,76,69,1970,287,502,286,495,1,7,90,158,150,363,513,114,45,109,84,202,665,.572,.578,.143,.573,.570,.582
61,Willy Hernangomez\hernawi01,2017-18,23,TOT,NBA,6-11,48,1,495,91,164,86,152,5,12,59,90,61,122,183,33,18,16,35,64,246,.555,.566,.417,.570,.656,.604
62,Nene Hilario\hilarne01,2017-18,35,HOU,NBA,6-11,52,4,758,136,239,136,237,0,2,68,107,54,122,176,45,28,14,38,123,340,.569,.574,.000,.569,.636,.594
63,Dwight Howard\howardw01,2017-18,32,CHO,NBA,6-11,81,81,2463,506,911,505,904,1,7,334,582,255,757,1012,105,48,131,208,249,1347,.555,.559,.143,.556,.574,.577
64,DeAndre Jordan\jordade01,2017-18,29,LAC,NBA,6-11,77,77,2424,373,578,373,578,0,0,181,312,329,842,1171,117,39,71,137,203,927,.645,.645,,.645,.580,.648
65,Enes Kanter\kanteen01,2017-18,25,NYK,NBA,6-11,71,71,1830,422,713,422,711,0,2,156,184,273,507,780,105,36,37,122,187,1000,.592,.594,.000,.592,.848,.630
66,Maxi Kleber\klebima01,2017-18,26,DAL,NBA,6-11,72,36,1206,151,309,111,181,40,128,44,59,71,163,234,51,26,47,30,114,386,.489,.613,.313,.553,.746,.576
67,Skal Labissiere\labissk01,2017-18,21,SAC,NBA,6-11,60,28,1240,205,458,187,407,18,51,95,118,99,189,288,72,25,49,73,132,523,.448,.459,.353,.467,.805,.513
68,Joffrey Lauvergne\lauvejo01,2017-18,26,SAS,NBA,6-11,55,1,534,98,190,98,185,0,5,30,47,63,108,171,41,9,3,33,45,226,.516,.530,.000,.516,.638,.536
69,Ian Mahinmi\mahinia01,2017-18,31,WAS,NBA,6-11,77,0,1145,138,248,138,246,0,2,90,128,135,177,312,53,38,42,100,230,366,.556,.561,.000,.556,.703,.601
70,Chris McCullough\mcculch01,2017-18,22,WAS,NBA,6-11,19,0,90,18,42,17,34,1,8,9,14,7,18,25,4,0,5,2,8,46,.429,.500,.125,.440,.643,.478
71,Greg Monroe\monrogr01,2017-18,27,TOT,NBA,6-11,51,14,1040,218,386,218,386,0,0,88,119,109,241,350,114,44,23,94,95,524,.565,.565,,.565,.739,.598
72,Mike Muscala\muscami01,2017-18,26,ATL,NBA,6-11,53,7,1060,143,312,81,145,62,167,57,62,56,174,230,51,31,27,42,80,405,.458,.559,.371,.558,.919,.597
73,Joakim Noah\noahjo01,2017-18,32,NYK,NBA,6-11,7,0,40,5,10,5,10,0,0,2,4,6,8,14,4,2,2,4,5,12,.500,.500,,.500,.500,.510
74,Nerlens Noel\noelne01,2017-18,23,DAL,NBA,6-11,30,6,472,55,105,55,104,0,1,21,28,48,120,168,20,31,22,26,59,131,.524,.529,.000,.524,.750,.558
75,Jahlil Okafor\okafoja01,2017-18,22,TOT,NBA,6-11,28,0,353,77,138,76,134,1,4,21,29,21,64,85,12,3,18,21,51,176,.558,.567,.250,.562,.724,.584
76,Zaza Pachulia\pachuza01,2017-18,33,GSW,NBA,6-11,69,57,972,149,264,149,263,0,1,75,93,89,232,321,109,38,17,72,122,373,.564,.567,.000,.564,.806,.612
77,Mason Plumlee\plumlma01,2017-18,27,DEN,NBA,6-11,74,26,1439,221,368,221,367,0,1,82,179,132,268,400,142,49,81,103,184,524,.601,.602,.000,.601,.458,.586
78,Miles Plumlee\plumlmi01,2017-18,29,ATL,NBA,6-11,55,35,918,105,180,105,180,0,0,27,60,77,151,228,45,17,30,63,79,237,.583,.583,,.583,.450,.574
79,Bobby Portis\portibo01,2017-18,22,CHI,NBA,6-11,73,4,1643,382,811,302,588,80,223,120,156,159,339,498,123,50,23,103,130,964,.471,.514,.359,.520,.769,.548
80,Dwight Powell\poweldw01,2017-18,26,DAL,NBA,6-11,79,25,1672,255,430,227,346,28,84,133,185,135,309,444,91,67,32,59,186,671,.593,.656,.333,.626,.719,.656
81,Domantas Sabonis\sabondo01,2017-18,21,IND,NBA,6-11,74,19,1810,340,661,327,624,13,37,168,224,165,407,572,151,40,32,137,220,861,.514,.524,.351,.524,.750,.567
82,Myles Turner\turnemy01,2017-18,21,IND,NBA,6-11,65,62,1836,306,639,250,482,56,157,160,206,93,324,417,87,38,118,96,186,828,.479,.519,.357,.523,.777,.567
83,Ante Zizic\zizican01,2017-18,21,CLE,NBA,6-11,32,2,214,49,67,49,67,0,0,21,29,24,36,60,5,2,13,11,30,119,.731,.731,,.731,.724,.746
84,Bam Adebayo\adebaba01,2017-18,20,MIA,NBA,6-10,69,19,1368,174,340,174,333,0,7,129,179,118,263,381,101,32,41,66,138,477,.512,.523,.000,.512,.721,.570
85,Ryan Anderson\anderry01,2017-18,29,HOU,NBA,6-10,66,50,1725,207,480,76,141,131,339,72,93,94,237,331,60,24,21,42,126,617,.431,.539,.386,.568,.774,.592
86,Ike Anigbogu\anigbik01,2017-18,19,IND,NBA,6-10,11,0,30,4,9,4,9,0,0,5,6,5,4,9,0,1,3,2,1,13,.444,.444,,.444,.833,.558
87,Aron Baynes\baynear01,2017-18,31,BOS,NBA,6-10,81,67,1485,210,446,207,425,3,21,59,78,130,304,434,93,22,51,80,200,482,.471,.487,.143,.474,.756,.502
88,Davis Bertans\bertada01,2017-18,25,SAS,NBA,6-10,77,10,1086,161,366,67,114,94,252,40,49,18,135,153,74,26,28,36,93,456,.440,.588,.373,.568,.816,.588
89,Nemanja Bjelica\bjeline01,2017-18,29,MIN,NBA,6-10,67,21,1371,171,371,95,188,76,183,36,45,53,221,274,86,50,16,52,141,454,.461,.505,.415,.563,.800,.581
90,Chris Boucher\bouchch01,2017-18,25,GSW,NBA,6-10,1,0,1,0,1,0,0,0,1,0,0,0,1,1,0,0,0,0,0,0,.000,,.000,.000,,.000
91,Tony Bradley\bradlto01,2017-18,20,UTA,NBA,6-10,9,0,29,3,11,3,10,0,1,2,2,4,7,11,1,0,0,0,1,8,.273,.300,.000,.273,1.000,.337
92,Clint Capela\capelca01,2017-18,23,HOU,NBA,6-10,74,74,2034,441,676,441,675,0,1,144,257,241,561,802,68,58,137,103,185,1026,.652,.653,.000,.652,.560,.650
93,Marquese Chriss\chrisma01,2017-18,20,PHO,NBA,6-10,72,49,1527,202,477,146,287,56,190,96,158,76,319,395,83,51,70,107,205,556,.423,.509,.295,.482,.608,.509
94,John Collins\collijo01,2017-18,20,ATL,NBA,6-10,74,26,1785,314,545,298,498,16,47,133,186,176,365,541,98,47,80,105,215,777,.576,.598,.340,.591,.715,.620
95,Nick Collison\collini01,2017-18,37,OKC,NBA,6-10,15,0,75,13,19,13,19,0,0,5,13,7,13,20,4,0,0,7,7,31,.684,.684,,.684,.385,.627
96,Anthony Davis\davisan02,2017-18,24,NOP,NBA,6-10,75,75,2727,780,1462,725,1300,55,162,495,598,187,645,832,174,115,193,162,159,2110,.534,.558,.340,.552,.828,.612
97,Ed Davis\davised01,2017-18,28,POR,NBA,6-10,78,0,1471,170,292,170,291,0,1,74,111,183,392,575,40,32,52,66,188,414,.582,.584,.000,.582,.667,.607
98,Derrick Favors\favorde01,2017-18,26,UTA,NBA,6-10,77,77,2153,395,702,381,639,14,63,140,215,198,354,552,102,54,82,88,164,944,.563,.596,.222,.573,.651,.593
99,Cristiano Felicio\feliccr01,2017-18,25,CHI,NBA,6-10,55,16,977,127,215,127,213,0,2,54,81,83,150,233,55,16,11,54,104,308,.591,.596,.000,.591,.667,.614
100,Danilo Gallinari\gallida01,2017-18,29,LAC,NBA,6-10,21,21,671,102,256,66,145,36,111,81,87,9,92,101,41,12,10,26,30,321,.398,.455,.324,.469,.931,.545
101,Blake Griffin\griffbl01,2017-18,28,TOT,NBA,6-10,58,58,1970,436,996,325,674,111,322,259,330,73,355,428,334,41,18,165,139,1242,.438,.482,.345,.493,.785,.544
102,Richaun Holmes\holmeri01,2017-18,24,PHI,NBA,6-10,48,2,746,135,241,131,210,4,31,37,56,57,154,211,61,20,29,25,97,311,.560,.624,.129,.568,.661,.585
103,Al Horford\horfoal01,2017-18,31,BOS,NBA,6-10,72,72,2277,368,753,271,527,97,226,94,120,103,427,530,339,43,78,132,138,927,.489,.514,.429,.553,.783,.575
104,Serge Ibaka\ibakase01,2017-18,28,TOR,NBA,6-10,76,76,2093,379,784,272,487,107,297,94,118,78,400,478,62,29,99,90,209,959,.483,.559,.360,.552,.797,.574
105,Ersan Ilyasova\ilyaser01,2017-18,30,TOT,NBA,6-10,69,43,1729,277,613,186,360,91,253,105,135,118,287,405,90,61,26,72,157,750,.452,.517,.360,.526,.778,.558
106,Jonathan Isaac\isaacjo01,2017-18,20,ORL,NBA,6-10,27,10,536,55,145,39,99,16,46,19,25,16,83,99,18,33,30,27,48,145,.379,.394,.348,.434,.760,.465
107,Al Jefferson\jeffeal01,2017-18,33,IND,NBA,6-10,36,1,484,111,208,111,205,0,3,30,36,30,113,143,30,16,23,21,66,252,.534,.541,.000,.534,.833,.563
108,Jonas Jerebko\jerebjo01,2017-18,30,UTA,NBA,6-10,74,19,1134,159,341,94,184,65,157,46,57,53,193,246,42,24,12,27,127,429,.466,.511,.414,.562,.807,.586
109,Brice Johnson\johnsbr02,2017-18,23,TOT,NBA,6-10,18,0,98,20,42,20,41,0,1,3,5,9,22,31,2,9,6,5,13,43,.476,.488,.000,.476,.600,.486
110,T.J. Leaf\leaftj01,2017-18,20,IND,NBA,6-10,53,0,459,64,136,46,94,18,42,10,16,29,53,82,9,5,4,10,45,156,.471,.489,.429,.537,.625,.545
111,Jon Leuer\leuerjo01,2017-18,28,DET,NBA,6-10,8,0,136,15,36,15,33,0,3,13,15,7,25,32,5,1,3,7,16,43,.417,.455,.000,.417,.867,.505
112,Kevin Love\loveke01,2017-18,29,CLE,NBA,6-10,59,59,1651,334,729,197,399,137,330,234,266,101,445,546,103,43,24,90,120,1039,.458,.494,.415,.552,.880,.614
113,Tyler Lydon\lydonty01,2017-18,21,DEN,NBA,6-10,1,0,2,0,0,0,0,0,0,0,0,0,0,0,0,0,0,0,0,0,,,,,,
114,Trey Lyles\lylestr01,2017-18,22,DEN,NBA,6-10,73,2,1391,270,550,187,332,83,218,101,143,55,292,347,91,30,34,61,111,724,.491,.563,.381,.566,.706,.591
115,Jarell Martin\martija01,2017-18,23,MEM,NBA,6-10,73,36,1661,221,496,187,398,34,98,89,116,97,221,318,73,39,49,86,211,565,.446,.470,.347,.480,.767,.516
116,Mangok Mathiang\mathima01,2017-18,25,CHO,NBA,6-10,4,0,20,4,7,4,7,0,0,0,1,3,7,10,0,1,0,0,5,8,.571,.571,,.571,.000,.538
117,Josh McRoberts\mcrobjo01,2017-18,30,DAL,NBA,6-10,2,0,6,0,1,0,0,0,1,0,0,0,0,0,0,0,0,0,2,0,.000,,.000,.000,,.000
118,Nikola Mirotic\mirotni01,2017-18,26,TOT,NBA,6-10,55,14,1494,306,684,171,326,135,358,112,137,59,346,405,80,44,39,62,108,859,.447,.525,.377,.546,.818,.577
119,Eric Moreland\moreler01,2017-18,26,DET,NBA,6-10,67,3,805,66,122,66,122,0,0,11,29,81,197,278,78,31,51,42,116,143,.541,.541,,.541,.379,.531
120,Markieff Morris\morrima02,2017-18,28,WAS,NBA,6-10,73,73,1968,330,687,254,480,76,207,105,128,75,334,409,142,56,38,127,216,841,.480,.529,.367,.536,.820,.566
121,Johnathan Motley\motlejo01,2017-18,22,DAL,NBA,6-10,11,4,176,40,75,39,69,1,6,15,28,14,35,49,7,3,2,9,18,96,.533,.565,.167,.540,.536,.550
122,Kyle O'Quinn\oquinky01,2017-18,27,NYK,NBA,6-10,77,10,1387,224,384,220,367,4,17,98,127,121,349,470,158,36,98,100,192,550,.583,.599,.235,.589,.772,.625
123,Emeka Okafor\okafoem01,2017-18,35,NOP,NBA,6-10,26,19,353,48,95,48,95,0,0,18,22,47,73,120,8,8,25,13,30,114,.505,.505,,.505,.818,.545
124,Chinanu Onuaku\onuakch01,2017-18,21,HOU,NBA,6-10,1,0,22,2,5,2,5,0,0,0,0,1,3,4,1,0,0,3,4,4,.400,.400,,.400,,.400
125,Chandler Parsons\parsoch01,2017-18,29,MEM,NBA,6-10,36,8,691,108,234,57,113,51,121,17,27,14,76,90,69,18,11,35,53,284,.462,.504,.421,.571,.630,.578
126,Adreian Payne\paynead01,2017-18,26,ORL,NBA,6-10,5,0,43,7,10,5,7,2,3,5,6,2,7,9,0,2,0,2,6,21,.700,.714,.667,.800,.833,.831
127,Kendrick Perkins\perkike01,2017-18,33,CLE,NBA,6-10,1,0,15,1,2,1,2,0,0,1,2,0,1,1,2,1,0,1,1,3,.500,.500,,.500,.500,.521
128,Ivan Rabb\rabbiv01,2017-18,20,MEM,NBA,6-10,36,5,516,86,152,86,152,0,0,29,36,53,105,158,32,12,13,35,55,201,.566,.566,,.566,.806,.599
129,Willie Reed\reedwi02,2017-18,27,TOT,NBA,6-10,42,5,428,81,121,80,119,1,2,32,55,35,86,121,10,9,22,19,56,195,.669,.672,.500,.674,.582,.671
130,Dario Saric\saricda01,2017-18,23,PHI,NBA,6-10,78,73,2310,403,890,246,491,157,399,178,207,154,366,520,202,51,20,148,160,1141,.453,.501,.393,.541,.860,.582
131,Ben Simmons\simmobe01,2017-18,21,PHI,NBA,6-10,81,81,2732,544,998,544,987,0,11,191,341,145,514,659,661,140,70,278,211,1279,.545,.551,.000,.545,.560,.557
132,Marreese Speights\speigma01,2017-18,30,ORL,NBA,6-10,52,3,675,138,349,52,116,86,233,40,55,21,112,133,40,8,22,40,106,402,.395,.448,.369,.519,.727,.539
133,Tristan Thompson\thomptr01,2017-18,26,CLE,NBA,6-10,53,22,1072,132,235,132,235,0,0,43,79,126,226,352,33,16,17,36,102,307,.562,.562,,.562,.544,.569
134,Ekpe Udoh\udohek01,2017-18,30,UTA,NBA,6-10,63,3,810,60,120,60,119,0,1,42,56,68,82,150,53,43,74,20,105,162,.500,.504,.000,.500,.750,.560
135,Travis Wear\weartr01,2017-18,27,LAL,NBA,6-10,17,0,228,25,72,8,25,17,47,8,8,0,38,38,7,4,5,6,30,75,.347,.320,.362,.465,1.000,.497
136,D.J. Wilson\wilsodj01,2017-18,21,MIL,NBA,6-10,22,0,71,9,16,7,11,2,5,1,2,2,8,10,3,3,1,4,7,21,.563,.636,.400,.625,.500,.622
137,Brandan Wright\wrighbr03,2017-18,30,TOT,NBA,6-10,28,1,381,59,102,59,102,0,0,21,33,33,62,95,13,13,26,8,32,139,.578,.578,,.578,.636,.596
138,Al-Farouq Aminu\aminual01,2017-18,27,POR,NBA,6-9,69,67,2072,230,582,105,243,125,339,59,80,97,428,525,84,79,40,79,136,644,.395,.432,.369,.503,.738,.522
139,Kyle Anderson\anderky01,2017-18,24,SAS,NBA,6-9,74,67,1978,231,438,212,381,19,57,104,146,84,312,396,202,115,60,94,114,585,.527,.556,.333,.549,.712,.582
140,Darrell Arthur\arthuda01,2017-18,29,DEN,NBA,6-9,19,1,141,22,47,14,24,8,23,2,3,3,12,15,9,8,3,15,22,54,.468,.583,.348,.553,.667,.559
141,Luke Babbitt\babbilu01,2017-18,28,TOT,NBA,6-9,50,14,715,91,215,31,59,60,156,17,22,7,89,96,31,8,7,19,54,259,.423,.525,.385,.563,.773,.576
142,Michael Beasley\beaslmi01,2017-18,29,NYK,NBA,6-9,74,30,1653,409,807,375,721,34,86,124,159,97,317,414,123,36,43,143,145,976,.507,.520,.395,.528,.780,.556
143,Jordan Bell\belljo01,2017-18,23,GSW,NBA,6-9,57,13,809,116,185,116,181,0,4,30,44,60,147,207,102,35,56,51,92,262,.627,.641,.000,.627,.682,.641
144,Khem Birch\birchkh01,2017-18,25,ORL,NBA,6-9,42,0,578,68,126,68,126,0,0,42,61,70,110,180,34,15,21,21,56,178,.540,.540,,.540,.689,.582
145,Bismack Biyombo\biyombi01,2017-18,25,ORL,NBA,6-9,82,25,1495,183,352,183,351,0,1,102,157,144,324,468,66,21,95,84,158,468,.520,.521,.000,.520,.650,.556
146,Tarik Black\blackta01,2017-18,26,HOU,NBA,6-9,51,2,536,75,127,74,116,1,11,29,63,63,100,163,13,21,30,35,107,180,.591,.638,.091,.594,.460,.582
147,Joel Bolomboy\bolomjo01,2017-18,24,MIL,NBA,6-9,6,0,38,3,6,3,5,0,1,3,6,6,4,10,0,2,0,2,3,9,.500,.600,.000,.500,.500,.521
148,Corey Brewer\breweco01,2017-18,31,TOT,NBA,6-9,72,18,1208,142,316,111,206,31,110,65,90,43,111,154,65,79,14,49,139,380,.449,.539,.282,.498,.722,.534
149,Bruno Caboclo\cabocbr01,2017-18,22,TOT,NBA,6-9,12,0,107,9,31,6,14,3,17,5,6,7,15,22,4,3,4,4,8,26,.290,.429,.176,.339,.833,.386
150,Omri Casspi\casspom01,2017-18,29,GSW,NBA,6-9,53,7,740,120,207,110,185,10,22,50,69,30,170,200,51,18,19,37,71,300,.580,.595,.455,.604,.725,.632
151,Tyler Cavanaugh\cavanty01,2017-18,23,ATL,NBA,6-9,39,1,518,67,152,35,63,32,89,17,21,45,82,127,27,9,4,14,61,183,.441,.556,.360,.546,.810,.567
152,Wilson Chandler\chandwi01,2017-18,30,DEN,NBA,6-9,74,71,2346,281,631,193,385,88,246,88,114,102,296,398,159,43,39,92,156,738,.445,.501,.358,.515,.772,.542
153,Jack Cooley\cooleja01,2017-18,26,SAC,NBA,6-9,7,0,87,13,27,13,27,0,0,14,19,14,16,30,6,1,0,3,13,40,.481,.481,,.481,.737,.566
154,Matt Costello\costema01,2017-18,24,SAS,NBA,6-9,4,0,32,2,4,2,4,0,0,0,0,1,8,9,2,2,2,1,7,4,.500,.500,,.500,,.500
155,Robert Covington\covinro01,2017-18,27,PHI,NBA,6-9,80,80,2532,345,836,142,286,203,550,116,136,55,378,433,156,137,72,126,238,1009,.413,.497,.369,.534,.853,.563
156,Sam Dekker\dekkesa01,2017-18,23,LAC,NBA,6-9,73,1,883,128,259,118,199,10,60,37,56,44,130,174,38,24,9,33,71,303,.494,.593,.167,.514,.661,.534
157,Luol Deng\denglu01,2017-18,32,LAL,NBA,6-9,1,1,13,1,2,1,2,0,0,0,0,0,0,0,1,1,0,1,0,2,.500,.500,,.500,,.500
158,Cheick Diallo\diallch01,2017-18,21,NOP,NBA,6-9,52,0,581,102,176,102,176,0,0,50,66,47,164,211,19,11,21,28,82,254,.580,.580,,.580,.758,.619
159,Kevin Durant\duranke01,2017-18,29,GSW,NBA,6-9,68,68,2325,630,1222,457,809,173,413,359,404,31,433,464,366,50,119,207,133,1792,.516,.565,.419,.586,.889,.640
160,Jeremy Evans\evansje01,2017-18,30,ATL,NBA,6-9,1,0,5,1,1,1,1,0,0,0,0,1,0,1,0,0,0,1,1,2,1.000,1.000,,1.000,,1.000
161,Paul George\georgpa01,2017-18,27,OKC,NBA,6-9,79,79,2891,576,1340,332,731,244,609,338,411,72,375,447,263,161,39,212,233,1734,.430,.454,.401,.521,.822,.570
162,Taj Gibson\gibsota01,2017-18,32,MIN,NBA,6-9,82,82,2726,425,737,418,702,7,35,142,185,194,390,584,99,62,59,89,218,999,.577,.595,.200,.581,.768,.610
163,Aaron Gordon\gordoaa01,2017-18,22,ORL,NBA,6-9,58,57,1909,375,865,260,523,115,342,157,225,87,370,457,136,59,45,107,111,1022,.434,.497,.336,.500,.698,.530
164,Jerami Grant\grantje01,2017-18,23,OKC,NBA,6-9,81,1,1647,244,456,212,346,32,110,162,240,86,233,319,57,31,77,54,155,682,.535,.613,.291,.570,.675,.607
165,JaMychal Green\greenja01,2017-18,27,MEM,NBA,6-9,55,54,1542,223,488,180,361,43,127,80,111,147,317,464,79,32,25,76,153,569,.457,.499,.339,.501,.721,.530
166,Jeff Green\greenje02,2017-18,31,CLE,NBA,6-9,78,13,1828,295,618,242,448,53,170,203,234,60,186,246,99,41,34,75,149,846,.477,.540,.312,.520,.868,.587
167,Maurice Harkless\harklma01,2017-18,24,POR,NBA,6-9,59,36,1264,147,297,98,179,49,118,42,59,46,116,162,53,48,43,40,103,385,.495,.547,.415,.577,.712,.596
168,Tobias Harris\harrito02,2017-18,25,TOT,NBA,6-9,80,80,2668,562,1221,379,776,183,445,179,216,58,379,437,192,71,35,105,164,1486,.460,.488,.411,.535,.829,.565
169,Juan Hernangomez\hernaju01,2017-18,22,DEN,NBA,6-9,25,3,277,29,75,15,25,14,50,10,12,18,36,54,12,6,3,9,25,82,.387,.600,.280,.480,.833,.511
170,Isaiah Hicks\hicksis01,2017-18,23,NYK,NBA,6-9,18,0,240,33,72,31,63,2,9,12,18,10,31,41,16,2,4,16,45,80,.458,.492,.222,.472,.667,.501
171,Brandon Ingram\ingrabr01,2017-18,20,LAL,NBA,6-9,59,59,1975,358,761,317,656,41,105,192,282,57,257,314,230,45,43,149,163,949,.470,.483,.390,.497,.681,.536
172,Amir Johnson\johnsam01,2017-18,30,PHI,NBA,6-9,74,18,1171,140,260,130,228,10,32,52,85,123,207,330,118,45,44,55,192,342,.538,.570,.313,.558,.612,.575
173,Omari Johnson\johnsom01,2017-18,28,MEM,NBA,6-9,4,0,75,9,21,5,9,4,12,0,0,4,7,11,7,2,0,3,6,22,.429,.556,.333,.524,,.524
174,Kyle Kuzma\kuzmaky01,2017-18,22,LAL,NBA,6-9,77,37,2401,468,1039,309,605,159,434,147,208,88,395,483,141,49,34,140,160,1242,.450,.511,.366,.527,.707,.549
175,Mindaugas Kuzminskas\kuzmimi01,2017-18,28,NYK,NBA,6-9,1,0,2,0,2,0,2,0,0,0,0,0,0,0,0,0,0,0,0,0,.000,.000,,.000,,.000
176,Jake Layman\laymaja01,2017-18,23,POR,NBA,6-9,35,1,160,14,47,10,27,4,20,2,3,4,12,16,11,6,4,5,13,34,.298,.370,.200,.340,.667,.352
177,Kevon Looney\looneke01,2017-18,21,GSW,NBA,6-9,66,4,910,112,193,111,188,1,5,42,77,83,132,215,42,34,56,31,106,267,.580,.590,.200,.583,.545,.588
178,James Michael McAdoo\mcadoja01,2017-18,25,PHI,NBA,6-9,3,0,18,2,7,0,0,2,7,2,2,0,2,2,0,0,1,1,1,8,.286,,.286,.429,1.000,.508
179,Marcus Morris\morrima03,2017-18,28,BOS,NBA,6-9,54,21,1447,262,611,176,377,86,234,124,154,43,246,289,72,35,12,65,100,734,.429,.467,.368,.499,.805,.541
180,Larry Nance\nancela02,2017-18,25,TOT,NBA,6-9,66,27,1421,240,413,238,401,2,12,91,137,161,291,452,82,88,38,51,172,573,.581,.594,.167,.584,.664,.605
181,Johnny O'Bryant\obryajo01,2017-18,24,CHO,NBA,6-9,36,0,379,68,171,54,128,14,43,21,25,29,64,93,14,9,6,15,45,171,.398,.422,.326,.439,.840,.470
182,Patrick Patterson\pattepa01,2017-18,28,OKC,NBA,6-9,82,3,1270,106,266,40,95,66,171,40,46,32,161,193,57,48,23,33,87,318,.398,.421,.386,.523,.870,.555
183,Alec Peters\peteral01,2017-18,22,PHO,NBA,6-9,20,0,225,28,74,10,16,18,58,8,10,8,29,37,12,2,2,4,13,82,.378,.625,.310,.500,.800,.523
184,Alex Poythress\poythal01,2017-18,24,IND,NBA,6-9,25,0,104,11,26,7,15,4,11,0,0,7,10,17,2,3,1,2,16,26,.423,.467,.364,.500,,.500
185,Julius Randle\randlju01,2017-18,23,LAL,NBA,6-9,82,49,2190,504,904,494,859,10,45,305,425,181,472,654,210,43,45,213,274,1323,.558,.575,.222,.563,.718,.606
186,Zach Randolph\randoza01,2017-18,36,SAC,NBA,6-9,59,57,1508,361,763,310,616,51,147,84,107,97,300,397,127,42,10,116,119,857,.473,.503,.347,.507,.785,.529
187,JaKarr Sampson\sampsja02,2017-18,24,SAC,NBA,6-9,22,6,344,44,81,39,71,5,10,10,16,21,57,78,9,8,22,8,48,103,.543,.549,.500,.574,.625,.585
188,Pascal Siakam\siakapa01,2017-18,23,TOR,NBA,6-9,81,5,1679,253,498,224,366,29,132,54,87,79,285,364,159,62,42,67,166,589,.508,.612,.220,.537,.621,.549
189,Josh Smith\smithjo03,2017-18,32,NOP,NBA,6-9,3,0,12,1,4,1,4,0,0,0,0,3,1,4,0,0,0,0,3,2,.250,.250,,.250,,.250
190,Caleb Swanigan\swanica01,2017-18,20,POR,NBA,6-9,27,3,189,24,60,23,52,1,8,12,18,15,39,54,14,5,3,18,37,61,.400,.442,.125,.408,.667,.449
191,Mirza Teletovic\teletmi01,2017-18,32,MIL,NBA,6-9,10,0,159,25,57,4,12,21,45,0,0,3,20,23,10,4,1,7,14,71,.439,.333,.467,.623,,.623
192,Noah Vonleh\vonleno01,2017-18,22,TOT,NBA,6-9,54,16,875,104,234,84,168,20,66,36,58,70,241,311,34,19,17,31,68,264,.444,.500,.303,.487,.621,.509
193,James Webb\webbja01,2017-18,24,BRK,NBA,6-9,10,0,120,6,24,2,5,4,19,0,0,8,16,24,4,1,0,4,10,16,.250,.400,.211,.333,,.333
194,David West\westda01,2017-18,37,GSW,NBA,6-9,73,0,999,216,378,213,370,3,8,60,79,64,174,238,138,47,75,80,120,495,.571,.576,.375,.575,.759,.600
195,Marvin Williams\willima02,2017-18,31,CHO,NBA,6-9,78,78,2006,258,563,132,258,126,305,102,123,74,296,370,96,56,38,66,116,744,.458,.512,.413,.570,.829,.603
196,Carmelo Anthony\anthoca01,2017-18,33,OKC,NBA,6-8,78,78,2501,472,1168,303,694,169,474,148,193,67,386,453,103,47,49,99,197,1261,.404,.437,.357,.476,.767,.503
197,OG Anunoby\anunoog01,2017-18,20,TOR,NBA,6-8,74,62,1481,163,346,90,149,73,197,39,62,44,140,184,55,52,14,45,130,438,.471,.604,.371,.577,.629,.587
198,Trevor Ariza\arizatr01,2017-18,32,HOU,NBA,6-8,67,67,2269,268,651,98,189,170,462,76,89,33,261,294,105,98,13,52,132,782,.412,.519,.368,.542,.854,.567
199,Harrison Barnes\barneha02,2017-18,25,DAL,NBA,6-8,77,77,2634,537,1208,418,875,119,333,259,313,77,391,468,152,49,14,118,94,1452,.445,.478,.357,.494,.827,.539
200,Nicolas Batum\batumni01,2017-18,29,CHO,NBA,6-8,64,64,1981,270,650,178,376,92,274,108,130,57,249,306,349,65,23,131,72,740,.415,.473,.336,.486,.831,.523
201,Bojan Bogdanovic\bogdabo02,2017-18,28,IND,NBA,6-8,80,80,2464,404,852,249,466,155,386,178,205,30,240,270,119,55,8,106,129,1141,.474,.534,.402,.565,.868,.605
202,Trevor Booker\booketr01,2017-18,30,TOT,NBA,6-8,68,7,1158,177,343,169,310,8,33,66,93,117,201,318,82,28,21,59,119,428,.516,.545,.242,.528,.710,.557
203,Jimmy Butler\butleji01,2017-18,28,MIN,NBA,6-8,59,59,2164,437,921,367,721,70,200,363,425,79,235,314,288,116,24,108,78,1307,.474,.509,.350,.512,.854,.590
204,DeMarre Carroll\carrode01,2017-18,31,BRK,NBA,6-8,73,73,2180,325,785,180,394,145,391,188,246,105,374,479,147,59,30,103,165,983,.414,.457,.371,.506,.764,.550
205,Dante Cunningham\cunnida01,2017-18,30,TOT,NBA,6-8,73,25,1562,164,364,106,196,58,168,31,52,78,220,298,48,39,30,33,111,417,.451,.541,.345,.530,.596,.539
206,Kenneth Faried\farieke01,2017-18,28,DEN,NBA,6-8,32,7,461,76,148,76,147,0,1,36,51,68,85,153,18,12,13,23,51,188,.514,.517,.000,.514,.706,.552
207,Dorian Finney-Smith\finnedo01,2017-18,24,DAL,NBA,6-8,21,13,448,46,121,26,54,20,67,11,15,22,53,75,26,10,4,21,43,123,.380,.481,.299,.463,.733,.482
208,Rudy Gay\gayru01,2017-18,31,SAS,NBA,6-8,57,6,1231,253,537,216,419,37,118,112,145,76,215,291,73,46,38,78,98,655,.471,.516,.314,.506,.772,.545
209,Montrezl Harrell\harremo01,2017-18,24,LAC,NBA,6-8,76,3,1293,348,548,347,541,1,7,139,222,103,203,306,74,36,52,68,143,836,.635,.641,.143,.636,.626,.647
210,Udonis Haslem\hasleud01,2017-18,37,MIA,NBA,6-8,14,0,72,3,15,2,7,1,8,1,2,3,7,10,5,0,2,2,3,8,.200,.286,.125,.233,.500,.252
211,Nigel Hayes\hayesni01,2017-18,23,TOT,NBA,6-8,9,0,122,11,33,7,17,4,16,1,3,4,18,22,6,2,3,2,8,27,.333,.412,.250,.394,.333,.393
212,Gordon Hayward\haywago01,2017-18,27,BOS,NBA,6-8,1,1,5,1,2,1,1,0,1,0,0,0,1,1,0,0,0,0,1,2,.500,1.000,.000,.500,,.500
213,Mario Hezonja\hezonma01,2017-18,22,ORL,NBA,6-8,75,30,1657,273,617,183,350,90,267,86,105,41,240,281,106,81,31,86,134,722,.442,.523,.337,.515,.819,.544
214,Rodney Hood\hoodro01,2017-18,25,TOT,NBA,6-8,60,23,1616,322,751,195,418,127,333,111,129,22,143,165,95,45,12,70,105,882,.429,.467,.381,.513,.860,.546
215,Vince Hunter\huntevi01,2017-18,23,MEM,NBA,6-8,4,0,7,3,5,3,5,0,0,0,0,2,1,3,0,0,1,1,0,6,.600,.600,,.600,,.600
216,Joe Ingles\inglejo01,2017-18,30,UTA,NBA,6-8,82,81,2578,335,718,131,254,204,464,66,83,24,320,344,392,90,20,159,178,940,.467,.516,.440,.609,.795,.623
217,Josh Jackson\jacksjo02,2017-18,20,PHO,NBA,6-8,77,35,1959,389,932,332,715,57,217,177,279,95,256,351,119,80,35,146,218,1012,.417,.464,.263,.448,.634,.480
218,Justin Jackson\jacksju01,2017-18,22,SAC,NBA,6-8,68,41,1506,185,419,128,234,57,185,26,36,27,160,187,74,28,13,40,81,453,.442,.547,.308,.510,.722,.521
219,LeBron James\jamesle01,2017-18,33,CLE,NBA,6-8,82,82,3026,857,1580,708,1174,149,406,388,531,97,612,709,747,116,71,347,136,2251,.542,.603,.367,.590,.731,.621
220,James Johnson\johnsja01,2017-18,30,MIA,NBA,6-8,73,41,1943,309,614,252,429,57,185,113,162,61,297,358,280,70,51,141,192,788,.503,.587,.308,.550,.698,.575
221,Luc Mbah a Moute\mbahalu01,2017-18,31,HOU,NBA,6-8,61,15,1564,166,345,103,172,63,173,65,95,22,164,186,55,72,25,68,100,460,.481,.599,.364,.572,.684,.595
222,Erik McCree\mccreer01,2017-18,24,UTA,NBA,6-8,4,0,8,0,2,0,1,0,1,0,0,0,1,1,0,1,0,1,0,0,.000,.000,.000,.000,,.000
223,Doug McDermott\mcderdo01,2017-18,26,TOT,NBA,6-8,81,4,1768,237,508,145,292,92,216,64,81,40,160,200,79,19,16,56,122,630,.467,.497,.426,.557,.790,.579
224,Alfonzo McKinnie\mckinal01,2017-18,25,TOR,NBA,6-8,14,0,53,8,15,5,6,3,9,2,3,1,6,7,1,1,1,3,8,21,.533,.833,.333,.633,.667,.643
225,Jordan Mickey\mickejo01,2017-18,23,MIA,NBA,6-8,23,3,284,39,82,37,66,2,16,13,19,18,64,81,9,6,10,18,36,93,.476,.561,.125,.488,.684,.515
226,Khris Middleton\middlkh01,2017-18,26,MIL,NBA,6-8,82,82,2982,593,1272,447,865,146,407,320,362,45,384,429,328,119,21,191,270,1652,.466,.517,.359,.524,.884,.577
227,Darius Miller\milleda01,2017-18,27,NOP,NBA,6-8,82,3,1944,216,487,69,129,147,358,58,67,18,146,164,111,28,17,58,160,637,.444,.535,.411,.594,.866,.617
228,Paul Millsap\millspa01,2017-18,32,DEN,NBA,6-8,38,37,1143,202,435,163,322,39,113,112,161,65,180,245,105,39,44,73,99,555,.464,.506,.345,.509,.696,.549
229,Ben Moore\moorebe01,2017-18,22,IND,NBA,6-8,2,0,9,0,0,0,0,0,0,0,0,0,1,1,1,0,0,0,4,0,,,,,,
230,Georges Niang\niangge01,2017-18,24,UTA,NBA,6-8,9,0,32,4,11,4,7,0,4,1,2,3,6,9,3,2,0,3,1,9,.364,.571,.000,.364,.500,.379
231,Cedi Osman\osmande01,2017-18,22,CLE,NBA,6-8,61,12,672,90,186,58,99,32,87,26,46,19,101,120,41,22,3,32,78,238,.484,.586,.368,.570,.565,.577
232,Jabari Parker\parkeja01,2017-18,22,MIL,NBA,6-8,31,3,743,160,332,129,251,31,81,40,54,42,109,151,59,25,10,45,50,391,.482,.514,.383,.529,.741,.550
233,Otto Porter\porteot01,2017-18,24,WAS,NBA,6-8,77,77,2432,445,885,307,572,138,313,106,128,103,389,492,157,116,41,75,151,1134,.503,.537,.441,.581,.828,.602
234,Devin Robinson\robinde01,2017-18,22,WAS,NBA,6-8,1,0,13,1,3,1,3,0,0,0,0,2,3,5,0,1,0,0,2,2,.333,.333,,.333,,.333
235,Mike Scott\scottmi01,2017-18,29,WAS,NBA,6-8,76,1,1406,276,524,210,361,66,163,50,76,50,197,247,80,23,10,79,148,668,.527,.582,.405,.590,.658,.599
236,Kyle Singler\singlky01,2017-18,29,OKC,NBA,6-8,12,0,59,7,21,5,16,2,5,7,13,1,9,10,2,1,0,3,4,23,.333,.313,.400,.381,.538,.430
237,Jayson Tatum\tatumja01,2017-18,19,BOS,NBA,6-8,80,80,2438,397,835,292,593,105,242,213,258,50,352,402,128,83,58,114,170,1112,.475,.492,.434,.538,.826,.586
238,Daniel Theis\theisda01,2017-18,25,BOS,NBA,6-8,63,3,936,126,233,108,175,18,58,61,81,90,184,274,56,30,48,56,157,331,.541,.617,.310,.579,.753,.616
239,Lance Thomas\thomala01,2017-18,29,NYK,NBA,6-8,73,31,1353,102,267,52,143,50,124,44,53,44,131,175,44,30,14,40,134,298,.382,.364,.403,.476,.830,.513
240,Anthony Tolliver\tollian01,2017-18,32,DET,NBA,6-8,79,14,1757,219,472,60,107,159,365,106,133,50,191,241,90,32,21,58,144,703,.464,.561,.436,.632,.797,.663
241,Taurean Waller-Prince\princta02,2017-18,23,ATL,NBA,6-8,82,82,2464,415,975,239,518,176,457,152,180,50,339,389,214,85,42,191,168,1158,.426,.461,.385,.516,.844,.549
242,Jameel Warney\warneja01,2017-18,24,DAL,NBA,6-8,3,0,27,7,12,7,12,0,0,3,5,4,5,9,0,0,0,1,2,17,.583,.583,,.583,.600,.599
243,T.J. Warren\warretj01,2017-18,24,PHO,NBA,6-8,65,65,2142,529,1063,509,973,20,90,193,255,125,208,333,85,65,41,85,149,1271,.498,.523,.222,.507,.757,.541
244,Okaro White\whiteok01,2017-18,25,MIA,NBA,6-8,6,4,80,7,16,3,5,4,11,2,3,3,8,11,2,1,1,1,6,20,.438,.600,.364,.563,.667,.577
245,Andrew Wiggins\wiggian01,2017-18,22,MIN,NBA,6-8,82,82,2979,569,1300,457,962,112,338,202,314,82,276,358,160,91,51,138,163,1452,.438,.475,.331,.481,.643,.505
246,Alan Williams\willial03,2017-18,25,PHO,NBA,6-8,5,0,70,7,18,7,18,0,0,6,9,3,19,22,8,5,1,7,13,20,.389,.389,,.389,.667,.455
247,Derrick Williams\willide02,2017-18,26,LAL,NBA,6-8,2,0,9,1,4,1,2,0,2,0,0,0,1,1,0,0,0,0,0,2,.250,.500,.000,.250,,.250
248,Guerschon Yabusele\yabusgu01,2017-18,22,BOS,NBA,6-8,33,4,235,26,61,14,24,12,37,15,22,17,35,52,16,4,5,12,23,79,.426,.583,.324,.525,.682,.559
249,Thaddeus Young\youngth01,2017-18,29,IND,NBA,6-8,81,81,2607,421,864,363,683,58,181,55,92,184,328,512,152,135,36,105,175,955,.487,.531,.320,.521,.598,.528
250,Paul Zipser\zipsepa01,2017-18,23,CHI,NBA,6-8,54,12,824,81,234,44,124,37,110,19,25,13,118,131,46,20,15,43,86,218,.346,.355,.336,.425,.760,.445
251,Quincy Acy\acyqu01,2017-18,27,BRK,NBA,6-7,70,8,1359,130,365,28,73,102,292,49,60,40,216,257,57,33,29,60,149,411,.356,.384,.349,.496,.817,.525
252,Jamel Artis\artisja01,2017-18,25,ORL,NBA,6-7,15,1,279,31,79,23,50,8,29,7,12,4,34,38,18,2,3,8,11,77,.392,.460,.276,.443,.583,.457
253,Dwayne Bacon\bacondw01,2017-18,22,CHO,NBA,6-7,53,6,713,72,192,61,149,11,43,20,25,4,120,124,38,16,2,23,46,175,.375,.409,.256,.404,.800,.431
254,Anthony Brown\brownan02,2017-18,25,MIN,NBA,6-7,1,0,4,1,1,0,0,1,1,0,0,0,0,0,1,0,0,0,0,3,1.000,,1.000,1.500,,1.500
255,Jaylen Brown\brownja02,2017-18,21,BOS,NBA,6-7,70,70,2152,373,803,252,497,121,306,150,233,66,280,346,114,70,26,124,181,1017,.465,.507,.395,.540,.644,.562
256,Nicolas Brussino\brussni01,2017-18,24,ATL,NBA,6-7,4,0,10,0,2,0,0,0,2,0,0,0,3,3,0,0,0,0,0,0,.000,,.000,.000,,.000
257,Reggie Bullock\bullore01,2017-18,26,DET,NBA,6-7,62,52,1732,267,546,142,265,125,281,39,49,27,127,154,95,47,13,47,70,698,.489,.536,.445,.603,.796,.615
258,Torrey Craig\craigto01,2017-18,27,DEN,NBA,6-7,39,5,629,62,137,45,79,17,58,22,35,40,87,127,25,12,15,20,63,163,.453,.570,.293,.515,.629,.535
259,DeMar DeRozan\derozde01,2017-18,28,TOR,NBA,6-7,80,80,2711,645,1413,556,1126,89,287,461,559,59,256,315,417,85,22,175,151,1840,.456,.494,.310,.488,.825,.555
260,Jared Dudley\dudleja01,2017-18,32,PHO,NBA,6-7,48,0,686,48,122,19,42,29,80,27,35,8,86,94,78,24,11,28,85,152,.393,.452,.363,.512,.771,.553
261,Jarell Eddie\eddieja01,2017-18,26,TOT,NBA,6-7,3,0,9,0,2,0,0,0,2,0,0,0,1,1,0,1,0,0,0,0,.000,,.000,.000,,.000
262,James Ennis\ennisja01,2017-18,27,TOT,NBA,6-7,72,22,1604,182,384,131,231,51,153,97,116,73,151,224,71,47,18,56,134,512,.474,.567,.333,.540,.836,.588
263,Terrance Ferguson\fergute01,2017-18,19,OKC,NBA,6-7,61,12,763,70,169,30,49,40,120,9,10,19,28,47,19,24,10,11,83,189,.414,.612,.333,.533,.900,.545
264,Evan Fournier\fournev01,2017-18,25,ORL,NBA,6-7,57,57,1837,368,802,241,467,127,335,150,173,23,157,180,165,47,16,95,138,1013,.459,.516,.379,.538,.867,.577
265,Draymond Green\greendr01,2017-18,27,GSW,NBA,6-7,70,70,2287,281,619,204,363,77,256,134,173,75,460,535,508,95,91,202,185,773,.454,.562,.301,.516,.775,.556
266,Gerald Green\greenge01,2017-18,32,HOU,NBA,6-7,41,2,929,168,413,58,115,110,298,51,60,15,118,133,25,24,15,31,87,497,.407,.504,.369,.540,.850,.566
267,Daniel Hamilton\hamilda02,2017-18,22,OKC,NBA,6-7,6,0,28,5,11,3,6,2,5,0,0,0,5,5,8,1,0,2,2,12,.455,.500,.400,.545,,.545
268,Solomon Hill\hillso01,2017-18,26,NOP,NBA,6-7,12,1,187,11,41,7,20,4,21,3,6,9,27,36,22,7,1,9,22,29,.268,.350,.190,.317,.500,.332
269,Rondae Hollis-Jefferson\holliro01,2017-18,23,BRK,NBA,6-7,68,59,1920,342,724,329,670,13,54,249,316,101,358,459,167,65,48,121,145,946,.472,.491,.241,.481,.788,.548
270,Scotty Hopson\hopsosc01,2017-18,28,DAL,NBA,6-7,1,0,8,0,1,0,1,0,0,1,2,0,0,0,1,0,0,1,0,1,.000,.000,,.000,.500,.266
271,Danuel House\houseda01,2017-18,24,PHO,NBA,6-7,23,3,403,56,129,41,71,15,58,25,31,13,63,76,25,7,6,11,23,152,.434,.577,.259,.492,.806,.533
272,Josh Huestis\huestjo01,2017-18,26,OKC,NBA,6-7,69,10,982,60,182,27,67,33,115,6,20,42,119,161,20,15,43,26,82,159,.330,.403,.287,.420,.300,.417
273,Wesley Iwundu\iwundwe01,2017-18,23,ORL,NBA,6-7,62,12,1020,93,218,84,172,9,46,34,47,36,101,137,57,33,12,30,81,229,.427,.488,.196,.447,.723,.480
274,Richard Jefferson\jefferi01,2017-18,37,DEN,NBA,6-7,20,0,163,12,27,10,20,2,7,4,7,2,15,17,15,2,1,5,11,30,.444,.500,.286,.481,.571,.499
275,Joe Johnson\johnsjo02,2017-18,36,TOT,NBA,6-7,55,4,1205,146,360,106,215,40,145,40,45,14,158,172,83,18,7,49,67,372,.406,.493,.276,.461,.889,.490
276,Stanley Johnson\johnsst04,2017-18,21,DET,NBA,6-7,69,50,1894,210,560,143,326,67,234,112,145,33,219,252,112,95,14,77,169,599,.375,.439,.286,.435,.772,.480
277,Wesley Johnson\johnswe01,2017-18,30,LAC,NBA,6-7,74,40,1486,150,368,90,191,60,177,43,58,29,187,216,61,76,62,55,146,403,.408,.471,.339,.489,.741,.512
278,Derrick Jones\jonesde02,2017-18,20,TOT,NBA,6-7,20,8,245,21,53,18,35,3,18,16,24,21,17,38,9,4,13,7,24,61,.396,.514,.167,.425,.667,.480
279,Jalen Jones\jonesja04,2017-18,24,TOT,NBA,6-7,16,0,181,26,68,16,42,10,26,12,19,13,25,38,4,5,1,7,22,74,.382,.381,.385,.456,.632,.485
280,Michael Kidd-Gilchrist\kiddgmi01,2017-18,24,CHO,NBA,6-7,74,74,1850,282,560,282,558,0,2,117,171,84,218,302,71,51,32,53,143,681,.504,.505,.000,.504,.684,.536
281,Furkan Korkmaz\korkmfu01,2017-18,20,PHI,NBA,6-7,14,0,80,8,28,3,11,5,17,2,4,2,9,11,4,2,1,2,12,23,.286,.273,.294,.375,.500,.386
282,Kyle Korver\korveky01,2017-18,36,CLE,NBA,6-7,73,4,1574,222,484,58,108,164,376,64,72,9,156,165,88,31,27,55,130,672,.459,.537,.436,.628,.889,.652
283,Kawhi Leonard\leonaka01,2017-18,26,SAS,NBA,6-7,9,9,210,52,111,41,76,11,35,31,38,6,36,42,21,18,9,16,9,146,.468,.539,.314,.518,.816,.572
284,Caris LeVert\leverca01,2017-18,23,BRK,NBA,6-7,71,10,1864,320,735,235,490,85,245,133,187,53,207,260,299,82,22,153,159,858,.435,.480,.347,.493,.711,.525
285,Shaun Livingston\livinsh01,2017-18,32,GSW,NBA,6-7,71,7,1129,172,343,172,338,0,5,50,61,32,99,131,140,35,21,58,117,394,.501,.509,.000,.501,.820,.533
286,Patrick McCaw\mccawpa01,2017-18,22,GSW,NBA,6-7,57,10,961,92,225,73,145,19,80,26,34,16,66,82,81,43,10,41,67,229,.409,.503,.238,.451,.765,.477
287,Malcolm Miller\millema01,2017-18,24,TOR,NBA,6-7,15,4,126,13,28,5,7,8,21,4,4,4,11,15,3,1,2,5,10,38,.464,.714,.381,.607,1.000,.638
288,Luis Montero\montelu01,2017-18,24,DET,NBA,6-7,2,0,8,0,1,0,1,0,0,0,0,0,2,2,0,0,0,2,0,0,.000,.000,,.000,,.000
289,Semi Ojeleye\ojelese01,2017-18,23,BOS,NBA,6-7,73,0,1150,65,188,25,63,40,125,25,41,37,124,161,20,21,4,25,91,195,.346,.397,.320,.452,.610,.473
290,Kelly Oubre\oubreke01,2017-18,22,WAS,NBA,6-7,81,11,2231,318,790,192,421,126,369,191,233,59,304,363,98,80,35,90,234,953,.403,.456,.341,.482,.820,.534
291,Quincy Pondexter\pondequ01,2017-18,29,CHI,NBA,6-7,23,1,196,14,49,11,27,3,22,14,17,8,19,27,9,8,2,11,24,45,.286,.407,.136,.316,.824,.398
292,Andre Roberson\roberan03,2017-18,26,OKC,NBA,6-7,39,39,1037,87,162,79,126,8,36,12,38,75,110,185,46,45,35,30,89,194,.537,.627,.222,.562,.316,.543
293,Terrence Ross\rosste01,2017-18,26,ORL,NBA,6-7,24,20,600,76,191,46,98,30,93,27,36,10,63,73,38,27,11,29,45,209,.398,.469,.323,.476,.750,.505
294,Tomas Satoransky\satorto01,2017-18,26,WAS,NBA,6-7,73,30,1643,201,384,154,283,47,101,75,96,72,161,233,286,52,15,83,131,524,.523,.544,.465,.585,.781,.615
295,Thabo Sefolosha\sefolth01,2017-18,33,UTA,NBA,6-7,38,6,806,118,240,86,156,32,84,44,54,29,132,161,33,52,12,30,59,312,.492,.551,.381,.558,.815,.591
296,Tony Snell\snellto01,2017-18,26,MIL,NBA,6-7,75,59,2053,185,425,77,157,108,268,38,48,9,132,141,98,47,28,36,115,516,.435,.490,.403,.562,.792,.578
297,Klay Thompson\thompkl01,2017-18,27,GSW,NBA,6-7,73,73,2506,575,1179,346,658,229,521,82,98,31,246,277,185,55,34,128,117,1461,.488,.526,.440,.585,.837,.598
298,Evan Turner\turneev01,2017-18,29,POR,NBA,6-7,79,40,2034,258,577,216,445,42,132,91,107,30,214,244,173,47,29,99,163,649,.447,.485,.318,.484,.850,.520
299,Andrew White\whitean01,2017-18,24,ATL,NBA,6-7,15,0,209,25,73,7,24,18,49,1,4,4,30,34,6,3,1,8,12,69,.342,.292,.367,.466,.250,.461
300,Jacob Wiley\wileyja01,2017-18,23,BRK,NBA,6-7,5,0,33,1,4,0,2,1,2,1,2,2,9,11,2,1,0,0,4,4,.250,.000,.500,.375,.500,.410
301,Troy Williams\willitr02,2017-18,23,TOT,NBA,6-7,21,1,307,51,109,40,71,11,38,20,30,22,41,63,16,20,4,19,34,133,.468,.563,.289,.518,.667,.544
302,Jamil Wilson\wilsoja02,2017-18,27,LAC,NBA,6-7,15,10,274,38,81,11,18,27,63,2,4,3,29,32,10,5,8,8,34,105,.469,.611,.429,.636,.500,.634
303,Justise Winslow\winslju01,2017-18,21,MIA,NBA,6-7,68,25,1680,207,488,158,359,49,129,66,104,64,305,370,148,54,33,77,140,529,.424,.440,.380,.474,.635,.496
304,Nick Young\youngni01,2017-18,32,GSW,NBA,6-7,80,8,1393,201,488,78,162,123,326,56,65,20,105,125,36,38,7,39,100,581,.412,.481,.377,.538,.862,.562
305,Alex Abrines\abrinal01,2017-18,24,OKC,NBA,6-6,75,8,1134,115,291,31,70,84,221,39,46,26,88,114,28,38,8,25,124,353,.395,.443,.380,.540,.848,.567
306,Justin Anderson\anderju01,2017-18,24,PHI,NBA,6-6,38,0,519,87,202,53,99,34,103,28,38,25,68,93,25,15,7,16,54,236,.431,.535,.330,.515,.737,.540
307,Lonzo Ball\balllo01,2017-18,20,LAL,NBA,6-6,52,50,1780,203,564,113,269,90,295,32,71,69,291,360,376,88,43,136,117,528,.360,.420,.305,.440,.451,.444
308,Will Barton\bartowi01,2017-18,27,DEN,NBA,6-6,81,40,2683,465,1028,309,606,156,422,182,226,70,339,409,331,82,52,149,168,1268,.452,.510,.370,.528,.805,.562
309,DeAndre' Bembry\bembrde01,2017-18,23,ATL,NBA,6-6,26,3,455,53,128,42,98,11,30,19,33,8,64,72,49,21,12,47,38,136,.414,.429,.367,.457,.576,.477
310,Jabari Bird\birdja01,2017-18,23,BOS,NBA,6-6,13,1,115,15,26,12,19,3,7,6,13,6,13,19,8,3,1,8,7,39,.577,.632,.429,.635,.462,.615
311,Bogdan Bogdanovic\bogdabo01,2017-18,25,SAC,NBA,6-6,78,53,2175,344,772,215,443,129,329,100,119,31,192,223,258,72,16,125,172,917,.446,.485,.392,.529,.840,.556
312,Devin Booker\bookede01,2017-18,21,PHO,NBA,6-6,54,54,1865,455,1054,308,670,147,384,289,329,26,218,244,253,47,14,194,168,1346,.432,.460,.383,.501,.878,.561
313,Dillon Brooks\brookdi01,2017-18,22,MEM,NBA,6-6,82,74,2350,340,772,246,508,94,264,124,166,49,208,257,135,73,17,124,233,898,.440,.484,.356,.501,.747,.531
314,Sterling Brown\brownst02,2017-18,22,MIL,NBA,6-6,54,4,776,82,205,50,114,32,91,21,24,27,116,143,25,31,13,25,80,217,.400,.439,.352,.478,.875,.503
315,Alec Burks\burksal01,2017-18,26,UTA,NBA,6-6,64,1,1059,170,414,123,272,47,142,107,124,19,173,192,67,37,8,60,75,494,.411,.452,.331,.467,.863,.527
316,Vince Carter\cartevi01,2017-18,41,SAC,NBA,6-6,58,5,1026,114,283,57,118,57,165,28,37,18,130,148,69,42,26,36,96,313,.403,.483,.345,.504,.757,.523
317,Michael Carter-Williams\cartemi01,2017-18,26,CHO,NBA,6-6,52,2,835,76,229,62,170,14,59,73,89,37,101,138,116,44,23,52,99,239,.332,.365,.237,.362,.820,.446
318,Antonius Cleveland\clevean01,2017-18,23,TOT,NBA,6-6,17,0,123,8,21,5,17,3,4,4,6,3,11,14,2,7,5,7,23,23,.381,.294,.750,.452,.667,.486
319,Kyle Collinsworth\colliky01,2017-18,26,DAL,NBA,6-6,32,2,480,38,99,34,82,4,17,21,40,32,75,107,56,17,9,24,44,101,.384,.415,.235,.404,.525,.433
320,Allen Crabbe\crabbal01,2017-18,25,BRK,NBA,6-6,75,68,2197,337,827,136,295,201,532,115,135,28,296,324,117,47,35,78,168,990,.407,.461,.378,.529,.852,.558
321,Jae Crowder\crowdja01,2017-18,27,TOT,NBA,6-6,80,47,2090,271,671,161,330,110,341,121,148,59,216,275,99,64,21,74,187,773,.404,.488,.323,.486,.818,.525
322,Spencer Dinwiddie\dinwisp01,2017-18,24,BRK,NBA,6-6,80,58,2306,324,838,183,405,141,433,218,268,40,219,259,524,68,23,128,186,1007,.387,.452,.326,.471,.813,.527
323,Damyean Dotson\dotsoda01,2017-18,23,NYK,NBA,6-6,44,2,474,72,161,50,93,22,68,16,23,9,75,84,31,12,2,17,34,182,.447,.538,.324,.516,.696,.532
324,PJ Dozier\doziepj01,2017-18,21,OKC,NBA,6-6,2,0,3,1,2,1,2,0,0,0,0,0,1,1,0,0,0,1,1,2,.500,.500,,.500,,.500
325,Tyreke Evans\evansty01,2017-18,28,MEM,NBA,6-6,52,32,1607,366,809,252,523,114,286,164,209,44,221,265,269,57,17,117,96,1010,.452,.482,.399,.523,.785,.561
326,Dante Exum\exumda01,2017-18,22,UTA,NBA,6-6,14,0,235,42,87,37,69,5,18,25,31,4,22,26,43,8,3,20,20,114,.483,.536,.278,.511,.806,.566
327,Manu Ginobili\ginobma01,2017-18,40,SAS,NBA,6-6,65,0,1299,201,463,137,271,64,192,110,131,19,123,142,163,43,16,105,126,576,.434,.506,.333,.503,.840,.553
328,Danny Green\greenda02,2017-18,30,SAS,NBA,6-6,70,60,1791,217,561,101,241,116,320,50,65,41,208,249,110,63,80,74,122,600,.387,.419,.363,.490,.769,.509
329,Tim Hardaway\hardati02,2017-18,25,NYK,NBA,6-6,57,54,1885,360,856,230,446,130,410,146,179,32,192,224,155,62,10,92,123,996,.421,.516,.317,.496,.816,.533
330,Joe Harris\harrijo01,2017-18,26,BRK,NBA,6-6,78,14,1975,305,621,155,263,150,358,86,104,51,209,260,128,35,20,91,153,846,.491,.589,.419,.612,.827,.634
331,Aaron Harrison\harriaa01,2017-18,23,DAL,NBA,6-6,9,3,233,19,69,10,26,9,43,13,17,4,20,24,11,9,2,3,27,60,.275,.385,.209,.341,.765,.392
332,Andrew Harrison\harrian01,2017-18,23,MEM,NBA,6-6,56,46,1326,181,429,134,287,47,142,124,159,23,108,131,177,38,26,81,138,533,.422,.467,.331,.477,.780,.534
333,Myke Henry\henrymy01,2017-18,25,MEM,NBA,6-6,20,0,378,41,109,22,51,19,58,6,10,10,28,38,22,31,6,19,28,107,.376,.431,.328,.463,.600,.472
334,Darrun Hilliard\hillida01,2017-18,24,SAS,NBA,6-6,14,0,95,5,19,5,13,0,6,6,7,0,7,7,11,2,0,4,7,16,.263,.385,.000,.263,.857,.362
335,Justin Holiday\holidju01,2017-18,28,CHI,NBA,6-6,72,72,2265,290,782,129,333,161,449,135,164,31,260,291,153,80,31,93,134,876,.371,.387,.359,.474,.823,.513
336,Andre Iguodala\iguodan01,2017-18,34,GSW,NBA,6-6,64,7,1622,148,320,115,203,33,117,55,87,50,196,246,210,54,38,67,99,384,.463,.567,.282,.514,.632,.536
337,Damion Lee\leeda03,2017-18,25,ATL,NBA,6-6,15,11,404,62,152,47,92,15,60,22,29,11,60,71,29,19,1,14,25,161,.408,.511,.250,.457,.759,.489
338,DeAndre Liggins\liggide01,2017-18,29,TOT,NBA,6-6,58,4,724,40,106,21,53,19,53,2,5,7,68,75,48,37,14,20,81,101,.377,.396,.358,.467,.400,.467
339,Timothe Luwawu-Cabarrot\luwawti01,2017-18,22,PHI,NBA,6-6,52,7,807,100,267,47,109,53,158,46,58,14,58,72,54,12,5,38,97,299,.375,.431,.335,.474,.793,.511
340,C.J. Miles\milescj01,2017-18,30,TOR,NBA,6-6,70,3,1337,227,599,63,145,164,454,81,97,18,134,152,55,37,21,39,134,699,.379,.434,.361,.516,.835,.545
341,Shabazz Muhammad\muhamsh01,2017-18,25,TOT,NBA,6-6,43,2,418,84,188,77,161,7,27,39,50,23,53,76,14,9,3,6,30,214,.447,.478,.259,.465,.780,.510
342,Abdel Nader\naderab01,2017-18,24,BOS,NBA,6-6,48,1,522,50,149,27,84,23,65,23,39,13,58,71,26,15,10,34,45,146,.336,.321,.354,.413,.590,.439
343,Frank Ntilikina\ntilila01,2017-18,19,NYK,NBA,6-6,78,9,1706,182,500,132,343,50,157,49,68,37,140,177,250,65,18,131,181,463,.364,.385,.318,.414,.721,.437
344,Royce O'Neale\onealro01,2017-18,24,UTA,NBA,6-6,69,4,1150,120,284,78,166,42,118,61,76,25,211,236,95,36,16,55,105,343,.423,.470,.356,.496,.803,.540
345,Tim Quarterman\quartti01,2017-18,23,HOU,NBA,6-6,3,0,13,1,3,1,1,0,2,2,2,0,3,3,1,0,0,2,1,4,.333,1.000,.000,.333,1.000,.515
346,Josh Richardson\richajo01,2017-18,24,MIA,NBA,6-6,81,81,2689,399,885,272,549,127,336,120,142,69,216,285,231,121,75,140,199,1045,.451,.495,.378,.523,.845,.551
347,Malachi Richardson\richama01,2017-18,22,TOT,NBA,6-6,26,4,324,30,90,18,50,12,40,17,22,5,29,34,13,10,1,10,27,89,.333,.360,.300,.400,.773,.446
348,Glenn Robinson\robingl02,2017-18,24,IND,NBA,6-6,23,1,338,36,85,22,51,14,34,9,11,11,26,37,17,13,1,5,14,95,.424,.431,.412,.506,.818,.529
349,Jonathon Simmons\simmojo02,2017-18,28,ORL,NBA,6-6,69,50,2029,354,761,285,557,69,204,185,241,61,178,239,171,58,16,146,175,962,.465,.512,.338,.511,.768,.555
350,J.R. Smith\smithjr01,2017-18,32,CLE,NBA,6-6,80,61,2244,240,595,97,214,143,381,39,56,29,206,235,141,68,11,81,161,662,.403,.453,.375,.524,.696,.534
351,Nik Stauskas\stausni01,2017-18,24,TOT,NBA,6-6,41,0,523,60,154,20,54,40,100,21,29,4,60,64,39,9,4,26,24,181,.390,.370,.400,.519,.724,.543
352,Lance Stephenson\stephla01,2017-18,27,IND,NBA,6-6,82,7,1850,303,709,236,477,67,232,84,127,62,362,424,235,46,17,131,177,757,.427,.495,.289,.475,.661,.495
353,Julyan Stone\stoneju01,2017-18,29,CHO,NBA,6-6,23,0,175,6,13,0,0,6,13,1,2,1,28,29,26,4,2,7,21,19,.462,,.462,.692,.500,.684
354,Edmond Sumner\sumneed01,2017-18,22,IND,NBA,6-6,1,0,2,1,1,1,1,0,0,0,0,0,1,1,0,0,0,0,1,2,1.000,1.000,,1.000,,1.000
355,Garrett Temple\templga01,2017-18,31,SAC,NBA,6-6,65,35,1615,199,476,110,249,89,227,60,78,22,130,152,124,57,27,79,135,547,.418,.442,.392,.512,.769,.536
356,P.J. Tucker\tuckepj01,2017-18,32,HOU,NBA,6-6,82,34,2281,172,441,57,131,115,310,43,60,93,364,457,77,78,26,74,205,502,.390,.435,.371,.520,.717,.537
357,Denzel Valentine\valende01,2017-18,24,CHI,NBA,6-6,77,37,2095,301,721,158,351,143,370,38,51,48,345,393,244,65,11,99,185,783,.417,.450,.386,.517,.745,.527
358,Rashad Vaughn\vaughra01,2017-18,21,TOT,NBA,6-6,28,0,212,23,56,9,19,14,37,4,6,3,18,21,13,5,3,6,15,64,.411,.474,.378,.536,.667,.546
359,Damien Wilkins\wilkida02,2017-18,38,IND,NBA,6-6,19,1,152,13,39,9,21,4,18,3,4,5,11,16,9,2,1,5,7,33,.333,.429,.222,.385,.750,.405
360,James Young\youngja01,2017-18,22,PHI,NBA,6-6,6,0,61,5,14,2,4,3,10,4,6,0,2,2,2,0,0,1,4,17,.357,.500,.300,.464,.667,.511
361,Arron Afflalo\afflaar01,2017-18,32,ORL,NBA,6-5,53,3,682,65,162,38,92,27,70,22,26,4,62,66,30,4,9,21,56,179,.401,.413,.386,.485,.846,.516
362,Kent Bazemore\bazemke01,2017-18,28,ATL,NBA,6-5,65,65,1789,284,676,176,402,108,274,160,201,25,223,248,228,100,45,157,147,836,.420,.438,.394,.500,.796,.547
363,Bradley Beal\bealbr01,2017-18,24,WAS,NBA,6-5,82,82,2977,683,1484,484,954,199,530,292,369,61,302,363,373,96,36,214,160,1857,.460,.507,.375,.527,.791,.564
364,Malik Beasley\beaslma01,2017-18,21,DEN,NBA,6-5,62,0,583,73,178,45,96,28,82,22,33,14,57,71,31,15,7,24,36,196,.410,.469,.341,.489,.667,.509
365,Marco Belinelli\belinma01,2017-18,31,TOT,NBA,6-5,80,2,1947,337,764,188,369,149,395,148,163,20,131,151,148,66,12,94,91,971,.441,.509,.377,.539,.908,.581
366,Malcolm Brogdon\brogdma01,2017-18,25,MIL,NBA,6-5,48,20,1436,244,503,182,342,62,161,75,85,23,133,156,152,41,13,66,128,625,.485,.532,.385,.547,.882,.578
367,MarShon Brooks\brookma01,2017-18,29,MEM,NBA,6-5,7,1,193,51,102,32,70,19,32,20,23,8,13,21,25,11,3,16,6,141,.500,.457,.594,.593,.870,.629
368,Lorenzo Brown\brownlo01,2017-18,27,TOR,NBA,6-5,14,0,139,14,34,12,22,2,12,2,2,1,14,15,13,5,0,3,7,32,.412,.545,.167,.441,1.000,.459
369,Kentavious Caldwell-Pope\caldwke01,2017-18,24,LAL,NBA,6-5,74,74,2458,340,798,181,383,159,415,153,194,60,327,387,162,106,16,97,145,992,.426,.473,.383,.526,.789,.561
370,Alex Caruso\carusal01,2017-18,23,LAL,NBA,6-5,37,7,562,50,116,37,73,13,43,21,30,15,50,65,75,23,10,42,52,134,.431,.507,.302,.487,.700,.519
371,Jordan Clarkson\clarkjo01,2017-18,25,TOT,NBA,6-5,81,2,1888,430,954,318,636,112,318,152,190,57,160,217,221,58,6,127,107,1124,.451,.500,.352,.509,.800,.542
372,Charles Cooke\cookech01,2017-18,23,NOP,NBA,6-5,13,0,38,2,14,1,6,1,8,1,2,0,2,2,1,1,0,1,0,6,.143,.167,.125,.179,.500,.202
373,Jamal Crawford\crawfja01,2017-18,37,MIN,NBA,6-5,80,0,1653,308,742,204,428,104,314,102,113,21,78,99,185,40,9,95,85,822,.415,.477,.331,.485,.903,.519
374,Tyler Dorsey\dorsety01,2017-18,21,ATL,NBA,6-5,56,5,974,144,382,72,183,72,199,45,63,17,113,130,79,17,5,37,63,405,.377,.393,.362,.471,.714,.494
375,Wayne Ellington\ellinwa01,2017-18,30,MIA,NBA,6-5,77,2,2041,285,700,58,121,227,579,67,78,23,195,218,79,53,8,52,94,864,.407,.479,.392,.569,.859,.588
376,Marcus Georges-Hunt\georgma01,2017-18,23,MIN,NBA,6-5,42,0,224,21,48,17,33,4,15,13,21,7,9,16,7,6,0,3,32,59,.438,.515,.267,.479,.619,.515
377,Treveon Graham\grahatr01,2017-18,24,CHO,NBA,6-5,63,2,1050,96,221,56,124,40,97,41,59,42,79,121,59,33,2,27,109,273,.434,.452,.412,.525,.695,.553
378,James Harden\hardeja01,2017-18,28,HOU,NBA,6-5,72,72,2551,651,1449,386,727,265,722,624,727,41,348,389,630,126,50,315,169,2191,.449,.531,.367,.541,.858,.619
379,Josh Hart\hartjo01,2017-18,22,LAL,NBA,6-5,63,23,1461,176,375,98,178,78,197,66,94,42,221,263,80,47,16,47,107,496,.469,.551,.396,.573,.702,.596
380,Reggie Hearn\hearnre01,2017-18,26,DET,NBA,6-5,3,0,7,1,2,0,0,1,2,0,0,0,0,0,0,0,0,0,0,3,.500,,.500,.750,,.750
381,John Holland\hollajo02,2017-18,29,CLE,NBA,6-5,24,0,174,17,59,6,23,11,36,9,13,6,18,24,5,7,2,8,10,54,.288,.261,.306,.381,.692,.417
382,R.J. Hunter\hunterj01,2017-18,24,HOU,NBA,6-5,5,1,45,7,20,4,6,3,14,2,2,0,5,5,3,3,0,2,7,19,.350,.667,.214,.425,1.000,.455
383,Luke Kennard\kennalu01,2017-18,21,DET,NBA,6-5,73,9,1463,206,465,125,270,81,195,65,76,21,155,176,124,44,13,69,86,558,.443,.463,.415,.530,.855,.560
384,Jeremy Lamb\lambje01,2017-18,25,CHO,NBA,6-5,80,18,1967,380,832,286,578,94,254,179,208,49,275,324,186,61,32,93,138,1033,.457,.495,.370,.513,.861,.559
385,Zach LaVine\lavinza01,2017-18,22,CHI,NBA,6-5,24,24,656,136,355,94,232,42,123,87,107,9,85,94,72,24,4,43,55,401,.383,.405,.341,.442,.813,.499
386,Courtney Lee\leeco01,2017-18,32,NYK,NBA,6-5,76,69,2310,343,755,230,477,113,278,114,124,30,194,224,180,80,17,84,109,913,.454,.482,.406,.529,.919,.564
387,Wesley Matthews\matthwe02,2017-18,31,DAL,NBA,6-5,63,62,2131,283,697,130,295,153,402,83,101,28,170,198,172,76,16,83,140,802,.406,.441,.381,.516,.822,.541
388,Trey McKinney-Jones\mckintr01,2017-18,27,IND,NBA,6-5,1,0,1,0,0,0,0,0,0,0,0,0,0,0,0,0,0,0,0,0,,,,,,
389,Ben McLemore\mclembe01,2017-18,24,MEM,NBA,6-5,56,17,1091,157,373,102,214,55,159,53,64,34,105,139,51,38,15,61,139,422,.421,.477,.346,.495,.828,.526
390,Jaylen Morris\morrija01,2017-18,22,ATL,NBA,6-5,6,0,98,13,32,11,22,2,10,0,0,2,14,16,7,2,1,6,2,28,.406,.500,.200,.438,,.438
391,Emmanuel Mudiay\mudiaem01,2017-18,21,TOT,NBA,6-5,64,14,1245,204,526,157,378,47,148,98,129,26,126,152,206,41,11,113,80,553,.388,.415,.318,.433,.760,.474
392,Dejounte Murray\murrade01,2017-18,21,SAS,NBA,6-5,81,48,1743,270,609,261,575,9,34,105,148,110,349,459,231,97,31,134,151,654,.443,.454,.265,.451,.709,.485
393,Davon Reed\reedda01,2017-18,22,PHO,NBA,6-5,21,1,242,22,76,11,38,11,38,8,12,2,37,39,13,10,2,10,17,63,.289,.289,.289,.362,.667,.388
394,D'Angelo Russell\russeda01,2017-18,21,BRK,NBA,6-5,48,35,1234,278,672,188,394,90,278,97,131,30,159,189,249,36,17,147,93,743,.414,.477,.324,.481,.740,.509
395,Wayne Selden\seldewa01,2017-18,23,MEM,NBA,6-5,35,9,692,116,269,67,147,49,122,44,59,16,40,56,66,18,5,54,59,325,.431,.456,.402,.522,.746,.551
396,Iman Shumpert\shumpim01,2017-18,27,CLE,NBA,6-5,14,6,276,22,58,15,32,7,26,11,15,7,34,41,17,9,4,16,22,62,.379,.469,.269,.440,.733,.480
397,Xavier Silas\silasxa01,2017-18,30,BOS,NBA,6-5,2,0,7,0,3,0,1,0,2,0,0,1,1,2,0,1,0,0,1,0,.000,.000,.000,.000,,.000
398,Kobi Simmons\simmoko01,2017-18,20,MEM,NBA,6-5,32,12,643,80,189,69,150,11,39,25,25,14,36,50,68,18,5,44,61,196,.423,.460,.282,.452,1.000,.490
399,Milos Teodosic\teodomi01,2017-18,30,LAC,NBA,6-5,45,36,1134,151,360,63,128,88,232,39,46,16,110,126,209,23,5,97,103,429,.419,.492,.379,.542,.848,.564
400,Sindarius Thornwell\thornsi01,2017-18,23,LAC,NBA,6-5,73,17,1156,100,233,77,172,23,61,59,88,33,107,140,68,48,25,53,125,282,.429,.448,.377,.479,.670,.519
401,Tyrone Wallace\wallaty01,2017-18,23,LAC,NBA,6-5,30,19,851,110,247,100,207,10,40,61,78,21,84,105,71,27,13,46,83,291,.445,.483,.250,.466,.782,.517
402,C.J. Williams\willicj01,2017-18,27,LAC,NBA,6-5,38,17,707,87,197,65,119,22,78,13,16,12,44,56,43,31,13,20,63,209,.442,.546,.282,.497,.813,.512
403,Matt Williams\willima05,2017-18,24,MIA,NBA,6-5,3,0,11,2,6,1,1,1,5,0,0,0,1,1,0,0,0,1,1,5,.333,1.000,.200,.417,,.417
404,Delon Wright\wrighde01,2017-18,25,TOR,NBA,6-5,69,4,1433,201,432,145,279,56,153,97,117,45,153,198,200,72,33,78,81,555,.465,.520,.366,.530,.829,.574
405,Tony Allen\allento01,2017-18,36,NOP,NBA,6-4,22,0,273,44,91,40,79,4,12,11,21,20,27,47,9,11,3,19,49,103,.484,.506,.333,.505,.524,.514
406,Ron Baker\bakerro01,2017-18,24,NYK,NBA,6-4,29,1,385,20,59,9,26,11,33,20,26,5,25,30,47,26,6,18,33,71,.339,.346,.333,.432,.769,.504
407,Wade Baldwin\baldwwa01,2017-18,21,POR,NBA,6-4,7,0,80,14,21,10,16,4,5,6,10,1,7,8,5,2,1,4,12,38,.667,.625,.800,.762,.600,.748
408,Antonio Blakeney\blakean01,2017-18,21,CHI,NBA,6-4,19,0,314,53,143,38,91,15,52,30,39,4,29,33,20,7,1,11,19,151,.371,.418,.288,.423,.769,.471
409,Vander Blue\blueva01,2017-18,25,LAL,NBA,6-4,5,0,45,1,5,1,3,0,2,1,2,0,1,1,3,1,0,3,2,3,.200,.333,.000,.200,.500,.255
410,Gian Clavell\clavegi01,2017-18,24,DAL,NBA,6-4,7,0,64,6,18,0,3,6,15,2,2,1,6,7,3,2,0,2,8,20,.333,.000,.400,.500,1.000,.530
411,Pat Connaughton\connapa01,2017-18,25,POR,NBA,6-4,82,5,1488,165,390,91,180,74,210,37,44,36,125,161,91,23,22,43,120,441,.423,.506,.352,.518,.841,.539
412,Jordan Crawford\crawfjo02,2017-18,29,NOP,NBA,6-4,5,0,53,12,27,4,13,8,14,1,1,2,2,4,13,1,1,5,7,33,.444,.308,.571,.593,1.000,.601
413,Troy Daniels\danietr01,2017-18,26,PHO,NBA,6-4,79,15,1622,232,575,49,117,183,458,56,64,12,115,127,48,26,5,56,137,703,.403,.419,.400,.563,.875,.583
414,Matthew Dellavedova\dellama01,2017-18,27,MIL,NBA,6-4,38,3,712,55,152,26,74,29,78,25,27,14,50,64,145,14,0,49,67,164,.362,.351,.372,.457,.926,.500
415,Milton Doyle\doylemi01,2017-18,24,BRK,NBA,6-4,10,0,125,13,47,9,24,4,23,4,8,3,15,18,10,6,2,2,13,34,.277,.375,.174,.319,.500,.337
416,Kris Dunn\dunnkr01,2017-18,23,CHI,NBA,6-4,52,43,1525,286,666,243,532,43,134,84,114,24,197,221,310,104,27,150,174,699,.429,.457,.321,.462,.737,.488
417,Markelle Fultz\fultzma01,2017-18,19,PHI,NBA,6-4,14,0,253,45,111,45,110,0,1,10,21,11,32,43,53,12,4,17,22,100,.405,.409,.000,.405,.476,.416
418,Eric Gordon\gordoer01,2017-18,29,HOU,NBA,6-4,69,30,2154,415,970,197,362,218,608,195,241,25,145,170,154,44,27,130,116,1243,.428,.544,.359,.540,.809,.578
419,Jerian Grant\grantje02,2017-18,25,CHI,NBA,6-4,74,26,1686,209,503,148,316,61,187,140,188,31,141,172,342,63,8,89,132,619,.416,.468,.326,.476,.745,.528
420,Gary Harris\harriga01,2017-18,23,DEN,NBA,6-4,67,65,2304,440,908,284,514,156,394,134,162,37,139,176,194,122,15,119,119,1170,.485,.553,.396,.570,.827,.597
421,Shaquille Harrison\harrish01,2017-18,24,PHO,NBA,6-4,23,2,384,59,124,53,98,6,26,28,38,9,52,61,55,26,7,22,42,152,.476,.541,.231,.500,.737,.540
422,Buddy Hield\hieldbu01,2017-18,25,SAC,NBA,6-4,80,12,2024,416,933,240,525,176,408,71,81,55,252,307,155,85,22,124,148,1079,.446,.457,.431,.540,.877,.557
423,Jrue Holiday\holidjr01,2017-18,27,NOP,NBA,6-4,81,81,2927,615,1244,495,888,120,356,187,238,62,303,365,486,123,64,213,201,1537,.494,.557,.337,.543,.786,.570
424,Aaron Jackson\jacksaa01,2017-18,31,HOU,NBA,6-4,1,0,35,3,9,2,5,1,4,1,2,2,1,3,1,0,0,1,4,8,.333,.400,.250,.389,.500,.405
425,Tyler Johnson\johnsty01,2017-18,25,MIA,NBA,6-4,72,39,2052,309,711,190,387,119,324,106,129,34,214,248,165,60,34,81,148,843,.435,.491,.367,.518,.822,.549
426,Sean Kilpatrick\kilpase01,2017-18,28,TOT,NBA,6-4,52,1,640,110,294,64,150,46,144,64,72,5,82,87,46,13,5,38,33,330,.374,.427,.319,.452,.889,.507
427,Rodney McGruder\mcgruro01,2017-18,26,MIA,NBA,6-4,18,2,299,36,73,21,38,15,35,4,8,11,21,32,17,8,3,4,21,91,.493,.553,.429,.596,.500,.595
428,Jodie Meeks\meeksjo01,2017-18,30,WAS,NBA,6-4,77,0,1119,157,393,85,183,72,210,101,117,15,111,126,70,29,4,37,55,487,.399,.464,.343,.491,.863,.548
429,Naz Mitrou-Long\mitrona01,2017-18,24,UTA,NBA,6-4,1,0,1,1,1,0,0,1,1,0,0,0,0,0,0,0,0,0,0,3,1.000,,1.000,1.500,,1.500
430,E'Twaun Moore\mooreet01,2017-18,28,NOP,NBA,6-4,82,80,2586,423,832,295,531,128,301,48,68,57,181,238,187,79,12,102,182,1022,.508,.556,.425,.585,.706,.593
431,Jamal Murray\murraja01,2017-18,20,DEN,NBA,6-4,81,80,2565,479,1062,314,626,165,436,229,253,82,215,297,274,79,28,172,173,1352,.451,.502,.378,.529,.905,.576
432,David Nwaba\nwabada01,2017-18,25,CHI,NBA,6-4,70,21,1646,202,423,184,371,18,52,133,203,89,237,326,104,59,29,77,158,555,.478,.496,.346,.499,.655,.542
433,Victor Oladipo\oladivi01,2017-18,25,IND,NBA,6-4,75,75,2552,640,1342,479,908,161,434,294,368,47,343,390,323,177,57,219,175,1735,.477,.528,.371,.537,.799,.577
434,Brandon Paul\paulbr01,2017-18,26,SAS,NBA,6-4,64,2,576,55,127,40,73,15,54,22,43,6,62,68,37,25,7,29,58,147,.433,.548,.278,.492,.512,.504
435,Elfrid Payton\paytoel01,2017-18,23,TOT,NBA,6-4,63,63,1808,329,667,299,575,30,92,109,168,64,210,274,393,83,22,168,147,797,.493,.520,.326,.516,.649,.538
436,Norman Powell\powelno01,2017-18,24,TOR,NBA,6-4,70,18,1062,150,374,97,188,53,186,32,39,14,105,119,89,37,16,66,111,385,.401,.516,.285,.472,.821,.492
437,Rodney Purvis\purviro01,2017-18,23,ORL,NBA,6-4,16,2,290,35,107,22,55,13,52,13,15,1,26,27,17,3,3,10,26,96,.327,.400,.250,.388,.867,.423
438,Xavier Rathan-Mayes\rathaxa01,2017-18,23,MEM,NBA,6-4,5,0,118,12,42,11,28,1,14,4,9,0,5,5,18,6,3,11,18,29,.286,.393,.071,.298,.444,.315
439,J.J. Redick\redicjj01,2017-18,33,PHI,NBA,6-4,70,70,2116,404,879,211,419,193,460,197,218,9,169,178,210,35,6,103,123,1198,.460,.504,.420,.569,.904,.614
440,Austin Rivers\riverau01,2017-18,25,LAC,NBA,6-4,61,59,2057,341,805,205,445,136,360,102,159,27,118,145,242,74,16,109,152,920,.424,.461,.378,.508,.642,.526
441,Ricky Rubio\rubiori01,2017-18,27,UTA,NBA,6-4,77,77,2254,346,827,250,554,96,273,220,254,44,307,351,410,121,11,207,206,1008,.418,.451,.352,.476,.866,.537
442,Marcus Smart\smartma01,2017-18,23,BOS,NBA,6-4,54,11,1614,189,515,114,266,75,249,97,133,43,146,189,259,71,23,129,133,550,.367,.429,.301,.440,.729,.479
443,Dwyane Wade\wadedw01,2017-18,36,TOT,NBA,6-4,67,3,1536,299,682,267,571,32,111,135,189,50,202,252,228,61,47,140,124,765,.438,.468,.288,.462,.714,.500
444,Dion Waiters\waitedi01,2017-18,26,MIA,NBA,6-4,30,30,918,163,410,111,240,52,170,51,69,8,69,77,113,23,9,70,61,429,.398,.463,.306,.461,.739,.487
445,John Wall\walljo01,2017-18,27,WAS,NBA,6-4,41,41,1410,280,667,218,500,62,167,175,241,22,128,150,393,57,45,158,80,797,.420,.436,.371,.466,.726,.515
446,Derrick White\whitede01,2017-18,23,SAS,NBA,6-4,17,0,139,16,33,8,20,8,13,14,20,5,21,26,9,4,3,6,8,54,.485,.400,.615,.606,.700,.646
447,Isaiah Whitehead\whiteis01,2017-18,22,BRK,NBA,6-4,16,0,180,40,86,33,68,7,18,13,19,4,22,26,20,8,2,24,23,100,.465,.485,.389,.506,.684,.530
448,Nate Wolters\woltena01,2017-18,26,UTA,NBA,6-4,5,0,19,1,6,1,6,0,0,0,0,1,1,2,1,0,0,0,1,2,.167,.167,,.167,,.167
449,Kadeem Allen\allenka01,2017-18,25,BOS,NBA,6-3,18,1,107,6,22,6,11,0,11,7,9,4,7,11,12,3,2,9,15,19,.273,.545,.000,.273,.778,.366
450,Ryan Arcidiacono\arcidry01,2017-18,23,CHI,NBA,6-3,24,0,304,17,41,8,10,9,31,5,6,1,24,25,35,13,0,13,18,48,.415,.800,.290,.524,.833,.550
451,Jerryd Bayless\bayleje01,2017-18,29,PHI,NBA,6-3,39,11,925,109,262,55,116,54,146,35,44,15,65,80,54,23,6,46,91,307,.416,.474,.370,.519,.795,.546
452,Markel Brown\brownma02,2017-18,26,HOU,NBA,6-3,4,0,31,2,7,1,2,1,5,0,0,1,4,5,2,0,0,2,6,5,.286,.500,.200,.357,,.357
453,Dwight Buycks\buyckdw01,2017-18,28,DET,NBA,6-3,29,0,427,82,198,67,153,15,45,36,41,12,29,41,59,19,2,39,39,215,.414,.438,.333,.452,.878,.498
454,Jose Calderon\caldejo01,2017-18,36,CLE,NBA,6-3,57,32,914,93,185,48,88,45,97,24,30,14,70,84,117,27,2,41,81,255,.503,.545,.464,.624,.800,.643
455,Ian Clark\clarkia01,2017-18,26,NOP,NBA,6-3,74,2,1455,222,495,160,300,62,195,45,59,10,117,127,110,33,10,57,120,551,.448,.533,.318,.511,.763,.529
456,Stephen Curry\curryst01,2017-18,29,GSW,NBA,6-3,51,51,1631,428,864,216,363,212,501,278,302,36,225,261,310,80,8,153,114,1346,.495,.595,.423,.618,.921,.675
457,Malcolm Delaney\delanma01,2017-18,28,ATL,NBA,6-3,54,3,1014,109,285,63,161,46,124,74,92,9,91,100,163,35,6,66,82,338,.382,.391,.371,.463,.804,.519
458,Goran Dragic\dragigo01,2017-18,31,MIA,NBA,6-3,75,75,2378,484,1075,373,775,111,300,217,271,54,253,307,359,63,12,166,180,1296,.450,.481,.370,.502,.801,.543
459,Tyler Ennis\ennisty01,2017-18,23,LAL,NBA,6-3,54,11,683,94,224,80,168,14,56,22,29,19,76,95,105,30,10,38,75,224,.420,.476,.250,.451,.759,.473
460,Bryn Forbes\forbebr01,2017-18,24,SAS,NBA,6-3,80,12,1517,209,497,120,269,89,228,48,72,12,98,110,80,28,2,37,108,555,.421,.446,.390,.510,.667,.525
461,De'Aaron Fox\foxde01,2017-18,20,SAC,NBA,6-3,73,60,2026,328,797,281,644,47,153,141,195,33,171,204,320,70,20,173,163,844,.412,.436,.307,.441,.723,.478
462,Devin Harris\harride01,2017-18,34,TOT,NBA,6-3,71,1,1340,187,454,108,227,79,227,142,170,12,115,127,152,47,12,76,158,595,.412,.476,.348,.499,.835,.563
463,George Hill\hillge01,2017-18,31,TOT,NBA,6-3,67,60,1812,236,513,151,308,85,205,110,140,42,139,181,186,61,27,88,128,667,.460,.490,.415,.543,.786,.580
464,Andre Ingram\ingraan01,2017-18,32,LAL,NBA,6-3,2,0,64,8,17,3,8,5,9,3,3,1,5,6,7,3,3,3,3,24,.471,.375,.556,.618,1.000,.655
465,Kyrie Irving\irvinky01,2017-18,25,BOS,NBA,6-3,60,60,1931,534,1087,368,680,166,407,232,261,33,194,227,306,65,17,140,122,1466,.491,.541,.408,.568,.889,.610
466,Jarrett Jack\jackja01,2017-18,34,NYK,NBA,6-3,62,56,1548,189,443,164,357,25,86,63,75,22,169,191,348,35,4,115,98,466,.427,.459,.291,.455,.840,.489
467,Reggie Jackson\jacksre01,2017-18,27,DET,NBA,6-3,45,45,1201,246,577,194,408,52,169,112,134,29,96,125,238,27,4,99,87,656,.426,.475,.308,.471,.836,.516
468,Cory Joseph\josepco01,2017-18,26,IND,NBA,6-3,82,17,2210,256,604,189,414,67,190,70,94,39,224,263,260,80,18,87,141,649,.424,.457,.353,.479,.745,.503
469,Walt Lemon Jr.\lemonwa01,2017-18,25,NOP,NBA,6-3,5,0,35,7,16,6,15,1,1,2,3,0,2,2,5,0,1,4,5,17,.438,.400,1.000,.469,.667,.491
470,Damian Lillard\lillada01,2017-18,27,POR,NBA,6-3,73,73,2670,621,1415,394,786,227,629,493,538,62,263,325,481,77,27,206,117,1962,.439,.501,.361,.519,.916,.594
471,Jeremy Lin\linje01,2017-18,29,BRK,NBA,6-3,1,1,25,5,12,4,10,1,2,7,7,0,0,0,4,0,0,3,3,18,.417,.400,.500,.458,1.000,.597
472,Shelvin Mack\macksh01,2017-18,27,ORL,NBA,6-3,69,3,1365,178,414,130,275,48,139,69,97,23,143,166,272,54,8,89,91,473,.430,.473,.345,.488,.711,.518
473,CJ McCollum\mccolcj01,2017-18,26,POR,NBA,6-3,81,81,2923,667,1505,478,1029,189,476,209,250,53,268,321,272,77,35,151,168,1732,.443,.465,.397,.506,.836,.536
474,Donovan Mitchell\mitchdo01,2017-18,21,UTA,NBA,6-3,79,71,2638,595,1362,408,812,187,550,239,297,52,244,296,291,118,27,215,213,1616,.437,.502,.340,.506,.805,.541
475,Malik Monk\monkma01,2017-18,19,CHO,NBA,6-3,63,0,854,153,425,70,182,83,243,32,38,8,58,66,91,20,9,49,60,421,.360,.385,.342,.458,.842,.477
476,Monte Morris\morrimo01,2017-18,22,DEN,NBA,6-3,3,0,25,4,6,4,5,0,1,2,2,0,2,2,7,3,0,1,1,10,.667,.800,.000,.667,1.000,.727
477,Cameron Payne\payneca01,2017-18,23,CHI,NBA,6-3,25,14,582,87,215,52,124,35,91,12,16,18,51,69,113,26,9,36,44,221,.405,.419,.385,.486,.750,.498
478,Gary Payton\paytoga02,2017-18,25,TOT,NBA,6-3,23,6,221,30,74,24,49,6,25,3,9,13,31,44,21,7,3,7,30,69,.405,.490,.240,.446,.333,.443
479,Derrick Rose\rosede01,2017-18,29,TOT,NBA,6-3,25,7,420,81,186,74,156,7,30,40,46,13,22,35,37,7,4,35,16,209,.435,.474,.233,.454,.870,.507
480,Ramon Sessions\sessira01,2017-18,31,TOT,NBA,6-3,28,3,392,42,117,34,91,8,26,44,57,6,32,38,77,14,2,30,29,136,.359,.374,.308,.393,.772,.479
481,Dennis Smith\smithde03,2017-18,20,DAL,NBA,6-3,69,69,2049,404,1024,298,685,106,339,134,193,50,210,260,358,71,18,194,152,1048,.395,.435,.313,.446,.694,.473
482,Isaiah Taylor\taylois01,2017-18,23,ATL,NBA,6-3,67,9,1167,163,390,143,310,20,80,99,141,22,72,94,206,34,10,84,116,445,.418,.461,.250,.444,.702,.492
483,Russell Westbrook\westbru01,2017-18,29,OKC,NBA,6-3,80,80,2914,757,1687,660,1361,97,326,417,566,152,652,804,820,147,20,381,200,2028,.449,.485,.298,.477,.737,.524
484,Avery Bradley\bradlav01,2017-18,27,TOT,NBA,6-2,46,46,1433,259,625,184,422,75,203,63,82,22,94,116,94,51,8,101,92,656,.414,.436,.369,.474,.768,.496
485,Bobby Brown\brownbo02,2017-18,33,HOU,NBA,6-2,20,0,115,19,58,8,18,11,40,1,2,0,7,7,11,4,0,9,6,50,.328,.444,.275,.422,.500,.425
486,Mario Chalmers\chalmma01,2017-18,31,MEM,NBA,6-2,66,10,1421,168,443,115,252,53,191,118,138,13,144,157,197,79,14,117,179,507,.379,.456,.277,.439,.855,.503
487,Quinn Cook\cookqu01,2017-18,24,GSW,NBA,6-2,33,18,740,122,252,76,148,46,104,22,25,10,72,82,89,12,1,32,59,312,.484,.514,.442,.575,.880,.593
488,Larry Drew\drewla02,2017-18,27,TOT,NBA,6-2,10,0,70,7,24,4,15,3,9,0,0,3,0,3,10,0,0,3,6,17,.292,.267,.333,.354,,.354
489,Langston Galloway\gallola01,2017-18,26,DET,NBA,6-2,58,2,863,126,340,51,122,75,218,33,41,13,79,92,58,35,5,18,39,360,.371,.418,.344,.481,.805,.503
490,Jonathan Gibson\gibsojo01,2017-18,30,BOS,NBA,6-2,4,0,40,14,23,8,11,6,12,0,0,0,3,3,4,0,0,3,5,34,.609,.727,.500,.739,,.739
491,Tyus Jones\jonesty01,2017-18,21,MIN,NBA,6-2,82,11,1467,150,328,105,199,45,129,71,81,16,116,132,232,95,6,59,110,416,.457,.528,.349,.526,.877,.572
492,T.J. McConnell\mccontj01,2017-18,25,PHI,NBA,6-2,76,1,1706,210,421,183,359,27,62,31,39,37,189,226,303,92,13,112,122,478,.499,.510,.435,.531,.795,.545
493,Xavier Munford\munfoxa02,2017-18,25,MIL,NBA,6-2,6,0,21,1,6,1,4,0,2,1,2,1,0,1,4,1,0,2,4,3,.167,.250,.000,.167,.500,.218
494,Tony Parker\parketo01,2017-18,35,SAS,NBA,6-2,55,21,1071,178,388,168,351,10,37,55,78,7,88,95,195,28,1,68,52,421,.459,.479,.270,.472,.705,.498
495,London Perrantes\perralo01,2017-18,23,CLE,NBA,6-2,14,0,66,2,13,2,10,0,3,3,5,1,3,4,5,2,1,1,6,7,.154,.200,.000,.154,.600,.230
496,Jeff Teague\teaguje01,2017-18,29,MIN,NBA,6-2,70,70,2311,354,794,270,566,84,228,202,239,24,185,209,492,102,23,177,171,994,.446,.477,.368,.499,.845,.553
497,Marquis Teague\teaguma01,2017-18,24,MEM,NBA,6-2,3,0,74,4,16,3,12,1,4,2,5,1,5,6,13,4,0,3,5,11,.250,.250,.250,.281,.400,.302
498,Jason Terry\terryja01,2017-18,40,MIL,NBA,6-2,51,4,814,59,154,19,39,40,115,8,9,5,43,48,59,42,13,25,52,166,.383,.487,.348,.513,.889,.525
499,Briante Weber\weberbr01,2017-18,25,TOT,NBA,6-2,18,0,237,19,43,15,32,4,11,8,10,8,27,35,22,18,5,15,28,50,.442,.469,.364,.488,.800,.527
500,Joe Young\youngjo01,2017-18,25,IND,NBA,6-2,53,1,558,80,186,55,120,25,66,22,29,12,51,63,39,14,1,26,39,207,.430,.458,.379,.497,.759,.521
501,Patrick Beverley\beverpa01,2017-18,29,LAC,NBA,6-1,11,11,334,48,119,24,59,24,60,14,17,16,29,45,32,19,5,25,34,134,.403,.407,.400,.504,.824,.530
502,Eric Bledsoe\bledser01,2017-18,28,TOT,NBA,6-1,74,74,2322,468,989,343,629,125,360,252,317,51,233,284,370,149,42,216,185,1313,.473,.545,.347,.536,.795,.582
503,Trey Burke\burketr01,2017-18,25,NYK,NBA,6-1,36,9,785,193,384,155,279,38,105,37,57,13,58,71,170,24,4,43,43,461,.503,.556,.362,.552,.649,.563
504,Mike Conley\conlemi01,2017-18,30,MEM,NBA,6-1,12,12,373,64,168,40,91,24,77,53,66,0,27,27,49,12,3,18,24,205,.381,.440,.312,.452,.803,.520
505,Raymond Felton\feltora01,2017-18,33,OKC,NBA,6-1,82,2,1365,224,552,143,322,81,230,36,44,25,131,156,203,49,16,76,91,565,.406,.444,.352,.479,.818,.494
506,Tim Frazier\fraziti01,2017-18,27,WAS,NBA,6-1,59,11,838,68,172,51,116,17,56,23,30,18,97,115,194,47,7,57,97,176,.395,.440,.304,.445,.767,.475
507,Josh Gray\grayjo01,2017-18,24,PHO,NBA,6-1,5,0,86,11,41,8,28,3,13,7,11,2,8,10,12,8,2,7,8,32,.268,.286,.231,.305,.636,.349
508,Demetrius Jackson\jacksde01,2017-18,23,TOT,NBA,6-1,15,0,80,7,18,6,11,1,7,1,2,5,7,12,9,5,1,10,7,16,.389,.545,.143,.417,.500,.424
509,Mike James\jamesmi02,2017-18,27,TOT,NBA,6-1,36,10,687,123,321,97,223,26,98,64,84,13,77,90,126,28,7,49,48,336,.383,.435,.265,.424,.762,.469
510,Brandon Jennings\jennibr01,2017-18,28,MIL,NBA,6-1,14,0,205,27,72,18,39,9,33,10,10,5,26,31,44,6,4,18,11,73,.375,.462,.273,.438,1.000,.478
511,Kyle Lowry\lowryky01,2017-18,31,TOR,NBA,6-1,78,78,2510,403,944,165,348,238,596,223,261,66,368,434,537,85,19,183,192,1267,.427,.474,.399,.553,.854,.598
512,Josh Magette\magetjo01,2017-18,28,ATL,NBA,6-1,18,0,216,15,46,7,24,8,22,8,8,2,17,19,57,8,1,9,16,46,.326,.292,.364,.413,1.000,.464
513,Shabazz Napier\napiesh01,2017-18,26,POR,NBA,6-1,74,10,1535,223,531,141,313,82,218,116,138,26,144,170,150,81,14,90,84,644,.420,.450,.376,.497,.841,.544
514,Raul Neto\netora01,2017-18,25,UTA,NBA,6-1,41,0,498,69,151,50,104,19,47,26,35,7,42,49,75,13,4,36,38,183,.457,.481,.404,.520,.743,.550
515,Marcus Paige\paigema01,2017-18,24,CHO,NBA,6-1,5,0,28,4,14,2,6,2,8,2,2,0,4,4,3,0,0,0,0,12,.286,.333,.250,.357,1.000,.403
516,Jacob Pullen\pulleja01,2017-18,28,PHI,NBA,6-1,3,0,6,1,2,1,1,0,1,0,0,0,0,0,0,0,0,1,0,2,.500,1.000,.000,.500,,.500
517,Rajon Rondo\rondora01,2017-18,31,NOP,NBA,6-1,65,63,1705,231,494,181,344,50,150,25,46,31,232,263,533,70,10,151,119,537,.468,.526,.333,.518,.543,.522
518,Terry Rozier\roziete01,2017-18,23,BOS,NBA,6-1,80,16,2068,316,800,163,398,153,402,115,149,63,313,376,232,80,19,80,123,900,.395,.410,.381,.491,.772,.520
519,Dennis Schroder\schrode01,2017-18,24,ATL,NBA,6-1,67,67,2078,500,1146,424,884,76,262,225,265,44,164,208,417,72,6,183,147,1301,.436,.480,.290,.469,.849,.515
520,Kemba Walker\walkeke02,2017-18,27,CHO,NBA,6-1,80,80,2736,588,1363,357,762,231,601,363,420,32,216,248,444,91,24,179,98,1770,.431,.469,.384,.516,.864,.572
521,Derrick Walton\waltode01,2017-18,22,MIA,NBA,6-1,16,0,147,8,25,1,8,7,17,6,6,2,14,16,16,7,3,2,7,29,.320,.125,.412,.460,1.000,.525
522,Lou Williams\willilo02,2017-18,31,LAC,NBA,6-1,79,19,2589,582,1337,396,819,186,518,432,491,40,158,198,417,85,19,234,106,1782,.435,.484,.359,.505,.880,.574
523,D.J. Augustin\augusdj01,2017-18,30,ORL,NBA,6-0,75,36,1760,244,540,130,268,114,272,164,189,30,130,160,287,54,0,123,94,766,.452,.485,.419,.557,.868,.615
524,J.J. Barea\bareajo01,2017-18,33,DAL,NBA,6-0,69,10,1603,303,690,188,377,115,313,80,102,15,186,201,434,35,3,143,83,801,.439,.499,.367,.522,.784,.545
525,Aaron Brooks\brookaa01,2017-18,33,MIN,NBA,6-0,32,1,189,28,69,17,38,11,31,8,11,7,10,17,20,6,0,11,28,75,.406,.447,.355,.486,.727,.508
526,Isaiah Canaan\canaais01,2017-18,26,TOT,NBA,6-0,20,1,422,52,137,30,71,22,66,46,51,6,39,45,76,16,1,29,36,172,.380,.423,.333,.460,.902,.539
527,Darren Collison\collida01,2017-18,30,IND,NBA,6-0,69,64,2018,316,638,220,433,96,205,127,144,37,141,178,368,92,15,86,122,855,.495,.508,.468,.571,.882,.610
528,Jawun Evans\evansja01,2017-18,21,LAC,NBA,6-0,48,4,778,89,253,74,199,15,54,38,49,9,75,84,100,36,6,44,97,231,.352,.372,.278,.381,.776,.421
529,Yogi Ferrell\ferreyo01,2017-18,24,DAL,NBA,6-0,82,21,2282,311,730,177,371,134,359,82,103,26,223,249,201,64,9,78,153,838,.426,.477,.373,.518,.796,.540
530,Patty Mills\millspa02,2017-18,29,SAS,NBA,6-0,82,36,2107,280,682,126,268,154,414,105,118,26,128,154,229,55,11,106,128,819,.411,.470,.372,.523,.890,.558
531,Jameer Nelson\nelsoja01,2017-18,35,TOT,NBA,6-0,50,0,1013,95,244,54,120,41,124,16,20,13,91,104,179,27,4,67,81,247,.389,.450,.331,.473,.800,.489
532,Chris Paul\paulch01,2017-18,32,HOU,NBA,6-0,58,58,1847,367,798,223,419,144,379,203,221,37,276,313,457,96,14,128,141,1081,.460,.532,.380,.550,.919,.604
533,Ish Smith\smithis01,2017-18,29,DET,NBA,6-0,82,35,2043,389,801,354,700,35,101,81,116,27,197,224,360,64,20,108,140,894,.486,.506,.347,.507,.698,.525
534,Fred VanVleet\vanvlfr01,2017-18,23,TOR,NBA,6-0,76,0,1520,232,545,124,284,108,261,84,101,25,159,184,243,68,19,74,130,656,.426,.437,.414,.525,.832,.556
535,Shane Larkin\larkish01,2017-18,25,BOS,NBA,5-11,54,2,775,84,219,53,133,31,86,32,37,15,77,92,98,29,2,33,58,231,.384,.398,.360,.454,.865,.491
536,Frank Mason\masonfr01,2017-18,23,SAC,NBA,5-11,52,2,984,144,380,113,294,31,86,94,115,30,100,130,147,34,10,65,72,413,.379,.384,.360,.420,.817,.480
537,David Stockton\stockda01,2017-18,26,UTA,NBA,5-11,3,0,9,2,3,0,0,2,3,4,4,0,0,0,0,0,0,1,3,10,.667,,.667,1.000,1.000,1.050
538,Tyler Ulis\ulisty01,2017-18,22,PHO,NBA,5-10,71,43,1658,214,551,172,405,42,146,84,101,24,104,128,311,70,7,127,120,554,.388,.425,.288,.426,.832,.465
539,Kay Felder\feldeka01,2017-18,22,TOT,NBA,5-9,16,0,140,21,70,17,51,4,19,11,12,3,15,18,20,3,1,16,11,57,.300,.333,.211,.329,.917,.379
540,Isaiah Thomas\thomais02,2017-18,28,TOT,NBA,5-9,32,15,862,157,421,102,233,55,188,117,131,17,50,67,153,15,3,95,58,486,.373,.438,.293,.438,.893,.508
